CommentID,Title,PostedDate,LastModified,Agency,DocumentType,Withdrawn,ObjectID
OPM-2025-0007-0450,Comment from Squirrel Moore,2025-06-26T04:00:00Z,2025-06-26T19:41:54Z,OPM,Public Submission,False,09000064b8e324eb
OPM-2025-0007-0268,Comment from Anonymous,2025-06-13T04:00:00Z,2025-06-14T00:25:49Z,OPM,Public Submission,False,09000064b8e0b609
OPM-2025-0007-0267,Comment from Anonymous,2025-06-13T04:00:00Z,2025-06-14T00:25:20Z,OPM,Public Submission,False,09000064b8e0b813
OPM-2025-0007-0420,Comment from Jean Zuckweiler,2025-06-25T04:00:00Z,2025-06-25T15:27:58Z,OPM,Public Submission,False,09000064b8e2e4b5
OPM-2025-0007-0419,Comment from Anonymous,2025-06-25T04:00:00Z,2025-06-25T15:26:50Z,OPM,Public Submission,False,09000064b8e2e666
OPM-2025-0007-0470,Comment from Anonymous,2025-06-27T04:00:00Z,2025-06-27T15:04:32Z,OPM,Public Submission,False,09000064b8e36916
OPM-2025-0007-0471,Comment from Anonymous,2025-06-27T04:00:00Z,2025-06-27T15:05:30Z,OPM,Public Submission,False,09000064b8e36a7b
OPM-2025-0007-0472,Comment from Anonymous,2025-06-27T04:00:00Z,2025-06-27T15:28:23Z,OPM,Public Submission,False,09000064b8e36c59
OPM-2025-0007-0473,Comment from Anonymous,2025-06-27T04:00:00Z,2025-06-28T01:12:47Z,OPM,Public Submission,False,09000064b8e36beb
OPM-2025-0007-0474,Comment from AFGE L3347,2025-06-27T04:00:00Z,2025-06-28T01:15:51Z,OPM,Public Submission,False,09000064b8e3c76b
OPM-2025-0007-0477,Comment from Erin Maker,2025-06-30T04:00:00Z,2025-06-30T15:25:19Z,OPM,Public Submission,False,09000064b8e36d9d
OPM-2025-0007-0455,Comment from Deana Chupp,2025-06-26T04:00:00Z,2025-06-27T02:14:19Z,OPM,Public Submission,False,09000064b8e34fdc
OPM-2025-0007-0451,Comment from Anonymous,2025-06-26T04:00:00Z,2025-06-26T21:58:35Z,OPM,Public Submission,False,09000064b8e34506
OPM-2025-0007-0449,Comment from Abeer Hoque,2025-06-26T04:00:00Z,2025-06-26T19:41:54Z,OPM,Public Submission,False,09000064b8e324d8
OPM-2025-0007-0465,Comment from Anonymous,2025-06-27T04:00:00Z,2025-06-27T14:56:03Z,OPM,Public Submission,False,09000064b8e3628c
OPM-2025-0007-0466,Comment from Anonymous,2025-06-27T04:00:00Z,2025-06-27T14:56:57Z,OPM,Public Submission,False,09000064b8e36296
OPM-2025-0007-0468,Comment from Anonymous,2025-06-27T04:00:00Z,2025-06-27T14:58:41Z,OPM,Public Submission,False,09000064b8e366ea
OPM-2025-0007-0478,Comment from Anonymous,2025-06-30T04:00:00Z,2025-06-30T17:00:32Z,OPM,Public Submission,False,09000064b8e36e55
OPM-2025-0007-0483,Comment from Luke Smith,2025-06-30T04:00:00Z,2025-06-30T17:10:09Z,OPM,Public Submission,False,09000064b8e3a67b
OPM-2025-0007-0493,Comment from Citizen KF,2025-06-30T04:00:00Z,2025-06-30T17:35:03Z,OPM,Public Submission,False,09000064b8e3d225
OPM-2025-0007-0492,Comment from Aubrey LaBarre,2025-06-30T04:00:00Z,2025-06-30T17:31:19Z,OPM,Public Submission,False,09000064b8e3ccd0
OPM-2025-0007-0500,Comment from Anonymous,2025-06-30T04:00:00Z,2025-06-30T18:17:09Z,OPM,Public Submission,False,09000064b8e42023
OPM-2025-0007-0508,Comment from Rob Lester,2025-06-30T04:00:00Z,2025-06-30T18:25:13Z,OPM,Public Submission,False,09000064b8e43b4c
OPM-2025-0007-0503,Comment from Anonymous,2025-06-30T04:00:00Z,2025-06-30T18:17:11Z,OPM,Public Submission,False,09000064b8e44146
OPM-2025-0007-0533,Comment from Anonymous,2025-06-30T04:00:00Z,2025-06-30T19:17:42Z,OPM,Public Submission,False,09000064b8e46a22
OPM-2025-0007-0536,Comment from Anonymous,2025-06-30T04:00:00Z,2025-06-30T19:17:44Z,OPM,Public Submission,False,09000064b8e4484e
OPM-2025-0007-0524,Comment from Anonymous,2025-06-30T04:00:00Z,2025-06-30T18:46:07Z,OPM,Public Submission,False,09000064b8e43c2a
OPM-2025-0007-0521,Comment from Anonymous,2025-06-30T04:00:00Z,2025-06-30T18:46:05Z,OPM,Public Submission,False,09000064b8e4499c
OPM-2025-0007-0527,Comment from Julie Stoverink,2025-06-30T04:00:00Z,2025-06-30T18:46:09Z,OPM,Public Submission,False,09000064b8e4509f
OPM-2025-0007-0526,Comment from Anonymous,2025-06-30T04:00:00Z,2025-06-30T18:46:08Z,OPM,Public Submission,False,09000064b8e451b7
OPM-2025-0007-0528,Comment from Anonymous,2025-06-30T04:00:00Z,2025-06-30T18:46:10Z,OPM,Public Submission,False,09000064b8e4566e
OPM-2025-0007-0532,Comment from Anonymous,2025-06-30T04:00:00Z,2025-06-30T18:58:27Z,OPM,Public Submission,False,09000064b8e45d45
OPM-2025-0007-0512,Comment from Ryan King,2025-06-30T04:00:00Z,2025-06-30T18:35:48Z,OPM,Public Submission,False,09000064b8e43ba8
OPM-2025-0007-0516,Comment from Anonymous,2025-06-30T04:00:00Z,2025-06-30T18:35:51Z,OPM,Public Submission,False,09000064b8e44672
OPM-2025-0007-0518,Comment from Anonymous,2025-06-30T04:00:00Z,2025-06-30T18:35:52Z,OPM,Public Submission,False,09000064b8e446e3
OPM-2025-0007-0545,Comment from Anonymous,2025-06-30T04:00:00Z,2025-06-30T20:00:57Z,OPM,Public Submission,False,09000064b8e491a5
OPM-2025-0007-0546,Comment from James Zakany,2025-06-30T04:00:00Z,2025-06-30T20:00:58Z,OPM,Public Submission,False,09000064b8e49244
OPM-2025-0007-0548,Comment from Katie  B,2025-06-30T04:00:00Z,2025-06-30T20:00:59Z,OPM,Public Submission,False,09000064b8e49318
OPM-2025-0007-0549,Comment from Serena Washington,2025-06-30T04:00:00Z,2025-06-30T20:50:24Z,OPM,Public Submission,False,09000064b8e4939c
OPM-2025-0007-0550,Comment from Anonymous,2025-06-30T04:00:00Z,2025-06-30T20:50:25Z,OPM,Public Submission,False,09000064b8e49ba6
OPM-2025-0007-0576,Comment from Joe Cunningham,2025-07-01T04:00:00Z,2025-07-01T22:04:11Z,OPM,Public Submission,False,09000064b8e498d3
OPM-2025-0007-0572,Comment from Anonymous,2025-07-01T04:00:00Z,2025-07-01T22:04:09Z,OPM,Public Submission,False,09000064b8e4a0cf
OPM-2025-0007-0585,Comment from Ryan Albertson,2025-07-01T04:00:00Z,2025-07-01T22:04:18Z,OPM,Public Submission,False,09000064b8e4a652
OPM-2025-0007-0612,Comment from Anonymous,2025-07-01T04:00:00Z,2025-07-01T22:07:50Z,OPM,Public Submission,False,09000064b8e4a68b
OPM-2025-0007-0599,Comment from Karen Walker,2025-07-01T04:00:00Z,2025-07-01T22:04:28Z,OPM,Public Submission,False,09000064b8e4a6e4
OPM-2025-0007-0601,Comment from C. R.,2025-07-01T04:00:00Z,2025-07-01T22:04:29Z,OPM,Public Submission,False,09000064b8e4b965
OPM-2025-0007-0613,Comment from Joseph mccan,2025-07-01T04:00:00Z,2025-07-01T22:09:30Z,OPM,Public Submission,False,09000064b8e4ba1e
OPM-2025-0007-0581,Comment from Anonymous,2025-07-01T04:00:00Z,2025-07-01T22:04:15Z,OPM,Public Submission,False,09000064b8e4ac04
OPM-2025-0007-0603,Comment from Anonymous,2025-07-01T04:00:00Z,2025-07-01T22:04:31Z,OPM,Public Submission,False,09000064b8e4ba04
OPM-2025-0007-0605,Comment from GS 14 Federal Employee,2025-07-01T04:00:00Z,2025-07-01T22:04:32Z,OPM,Public Submission,False,09000064b8e4bfd4
OPM-2025-0007-0591,Comment from Ian Roeball,2025-07-01T04:00:00Z,2025-07-01T22:04:22Z,OPM,Public Submission,False,09000064b8e4a65c
OPM-2025-0007-0611,Comment from Anonymous,2025-07-01T04:00:00Z,2025-07-01T22:07:02Z,OPM,Public Submission,False,09000064b8e4a67f
OPM-2025-0007-0580,Comment from Anonymous,2025-07-01T04:00:00Z,2025-07-01T22:04:14Z,OPM,Public Submission,False,09000064b8e4abfe
OPM-2025-0007-0579,Comment from Jen Cox,2025-07-01T04:00:00Z,2025-07-01T22:04:13Z,OPM,Public Submission,False,09000064b8e4abc2
OPM-2025-0007-0614,Comment from Anonymous,2025-07-01T04:00:00Z,2025-07-01T22:10:08Z,OPM,Public Submission,False,09000064b8e4c0bd
OPM-2025-0007-0657,Comment from Susan MacArthur,2025-07-02T04:00:00Z,2025-07-02T20:17:53Z,OPM,Public Submission,False,09000064b8e4c357
OPM-2025-0007-0639,Comment from Anonymous,2025-07-02T04:00:00Z,2025-07-02T20:17:40Z,OPM,Public Submission,False,09000064b8e4c663
OPM-2025-0007-0654,Comment from Def Don't trust this,2025-07-02T04:00:00Z,2025-07-02T20:17:51Z,OPM,Public Submission,False,09000064b8e4c668
OPM-2025-0007-0655,Comment from Anonymous,2025-07-02T04:00:00Z,2025-07-02T20:17:52Z,OPM,Public Submission,False,09000064b8e4c66a
OPM-2025-0007-0658,Comment from Carlo Sica,2025-07-02T04:00:00Z,2025-07-02T20:17:54Z,OPM,Public Submission,False,09000064b8e4c66e
OPM-2025-0007-0659,Comment from Helen Hoffman,2025-07-02T04:00:00Z,2025-07-02T20:17:55Z,OPM,Public Submission,False,09000064b8e4c66f
OPM-2025-0007-0618,Comment from C Dawson,2025-07-02T04:00:00Z,2025-07-02T20:17:25Z,OPM,Public Submission,False,09000064b8e4cb5c
OPM-2025-0007-0644,Comment from Anonymous,2025-07-02T04:00:00Z,2025-07-02T20:17:44Z,OPM,Public Submission,False,09000064b8e4cc40
OPM-2025-0007-0648,Comment from Jessica Vermeer,2025-07-02T04:00:00Z,2025-07-02T20:17:47Z,OPM,Public Submission,False,09000064b8e4cc82
OPM-2025-0007-0649,Comment from Anonymous,2025-07-02T04:00:00Z,2025-07-02T20:17:47Z,OPM,Public Submission,False,09000064b8e4cc92
OPM-2025-0007-0650,Comment from Sara Daehn,2025-07-02T04:00:00Z,2025-07-02T20:17:48Z,OPM,Public Submission,False,09000064b8e4cc99
OPM-2025-0007-0651,Comment from Olivia Miller,2025-07-02T04:00:00Z,2025-07-02T20:17:49Z,OPM,Public Submission,False,09000064b8e4cc9c
OPM-2025-0007-0653,Comment from Brian Seymour,2025-07-02T04:00:00Z,2025-07-02T20:17:50Z,OPM,Public Submission,False,09000064b8e4cca4
OPM-2025-0007-0656,Comment from Michael  Worley,2025-07-02T04:00:00Z,2025-07-02T20:17:52Z,OPM,Public Submission,False,09000064b8e4ccdb
OPM-2025-0007-0627,Comment from Anonymous,2025-07-02T04:00:00Z,2025-07-02T20:17:31Z,OPM,Public Submission,False,09000064b8e4ce15
OPM-2025-0007-0629,Comment from Anonymous,2025-07-02T04:00:00Z,2025-07-02T20:17:33Z,OPM,Public Submission,False,09000064b8e4ce22
OPM-2025-0007-0632,Comment from Jo Ernbaum,2025-07-02T04:00:00Z,2025-07-02T20:17:35Z,OPM,Public Submission,False,09000064b8e4ce31
OPM-2025-0007-0661,Comment from Anonymous,2025-07-02T04:00:00Z,2025-07-02T20:33:21Z,OPM,Public Submission,False,09000064b8e4c35e
OPM-2025-0007-0663,Comment from Anonymous,2025-07-02T04:00:00Z,2025-07-02T20:33:23Z,OPM,Public Submission,False,09000064b8e4c4ff
OPM-2025-0007-0660,Comment from Anonymous,2025-07-02T04:00:00Z,2025-07-02T20:33:20Z,OPM,Public Submission,False,09000064b8e4c7cb
OPM-2025-0007-0568,Comment from Anonymous,2025-07-01T04:00:00Z,2025-07-01T21:34:25Z,OPM,Public Submission,False,09000064b8e44f22
OPM-2025-0007-0561,Comment from Anonymous,2025-07-01T04:00:00Z,2025-07-01T21:25:14Z,OPM,Public Submission,False,09000064b8e3d262
OPM-2025-0007-0565,Comment from R.   Bassat,2025-07-01T04:00:00Z,2025-07-01T21:29:42Z,OPM,Public Submission,False,09000064b8e43bb5
OPM-2025-0007-0566,Comment from Anonymous,2025-07-01T04:00:00Z,2025-07-01T21:30:34Z,OPM,Public Submission,False,09000064b8e44631
OPM-2025-0007-0051,Comment from Anonymous,2025-06-10T04:00:00Z,2025-06-10T15:27:48Z,OPM,Public Submission,False,09000064b8deba06
OPM-2025-0007-0072,Comment from Anonymous,2025-06-12T04:00:00Z,2025-06-12T14:51:11Z,OPM,Public Submission,False,09000064b8dfd282
OPM-2025-0007-0024,Comment from Anonymous,2025-06-06T04:00:00Z,2025-06-06T15:34:00Z,OPM,Public Submission,False,09000064b8ddd221
OPM-2025-0007-0026,Comment from K H,2025-06-06T04:00:00Z,2025-06-06T15:39:07Z,OPM,Public Submission,False,09000064b8ddd6de
OPM-2025-0007-0023,Comment from D S,2025-06-06T04:00:00Z,2025-06-06T15:19:51Z,OPM,Public Submission,False,09000064b8dda38b
OPM-2025-0007-0022,Comment from Anonymous,2025-06-06T04:00:00Z,2025-06-06T15:18:09Z,OPM,Public Submission,False,09000064b8ddd5d6
OPM-2025-0007-0034,Comment from D F,2025-06-09T04:00:00Z,2025-06-09T15:48:17Z,OPM,Public Submission,False,09000064b8de1e82
OPM-2025-0007-0035,Comment from BRANDON Clifford,2025-06-09T04:00:00Z,2025-06-09T15:48:17Z,OPM,Public Submission,False,09000064b8de1ea3
OPM-2025-0007-0033,Comment from Anonymous,2025-06-06T04:00:00Z,2025-06-07T02:05:08Z,OPM,Public Submission,False,09000064b8de0b03
OPM-2025-0007-0032,Comment from Anonymous,2025-06-06T04:00:00Z,2025-06-07T01:51:11Z,OPM,Public Submission,False,09000064b8de0d16
OPM-2025-0007-0049,Comment from Anonymous,2025-06-09T04:00:00Z,2025-06-10T01:03:01Z,OPM,Public Submission,False,09000064b8de3b7f
OPM-2025-0007-0028,Comment from RISE Stronger,2025-06-06T04:00:00Z,2025-06-06T22:01:55Z,OPM,Public Submission,False,09000064b8ddf60c
OPM-2025-0007-0342,Comment from Nancy Nyland,2025-06-20T04:00:00Z,2025-06-20T16:07:00Z,OPM,Public Submission,False,09000064b8e19ef3
OPM-2025-0007-0348,Comment from Anonymous,2025-06-20T04:00:00Z,2025-06-20T16:09:40Z,OPM,Public Submission,False,09000064b8e1acd1
OPM-2025-0007-0345,Comment from Jeanette Akhter,2025-06-20T04:00:00Z,2025-06-20T16:07:51Z,OPM,Public Submission,False,09000064b8e1b23c
OPM-2025-0007-0346,Comment from Gary Crosson,2025-06-20T04:00:00Z,2025-06-20T16:08:49Z,OPM,Public Submission,False,09000064b8e1bb34
OPM-2025-0007-0347,Comment from G B,2025-06-20T04:00:00Z,2025-06-20T16:09:09Z,OPM,Public Submission,False,09000064b8e1bcc8
OPM-2025-0007-0351,Comment from G F,2025-06-20T04:00:00Z,2025-06-20T16:10:55Z,OPM,Public Submission,False,09000064b8e1cbc5
OPM-2025-0007-0352,Comment from Anonymous,2025-06-20T04:00:00Z,2025-06-20T16:11:47Z,OPM,Public Submission,False,09000064b8e1d040
OPM-2025-0007-0416,Comment from Sherry Caldwell,2025-06-24T04:00:00Z,2025-06-24T22:35:21Z,OPM,Public Submission,False,09000064b8e2ab5e
OPM-2025-0007-0301,Comment from Anonymous Anonymous,2025-06-16T04:00:00Z,2025-06-16T15:41:32Z,OPM,Public Submission,False,09000064b8e10b38
OPM-2025-0007-0303,Comment from Anonymous,2025-06-16T04:00:00Z,2025-06-16T15:44:40Z,OPM,Public Submission,False,09000064b8e11481
OPM-2025-0007-0298,Comment from Sarah Sifers,2025-06-16T04:00:00Z,2025-06-16T15:36:05Z,OPM,Public Submission,False,09000064b8e11812
OPM-2025-0007-0299,Comment from Anonymous,2025-06-16T04:00:00Z,2025-06-16T15:39:09Z,OPM,Public Submission,False,09000064b8e12a6b
OPM-2025-0007-0290,Comment from Anonymous,2025-06-16T04:00:00Z,2025-06-16T15:08:16Z,OPM,Public Submission,False,09000064b8e0fe43
OPM-2025-0007-0291,Comment from Elyte Baykun,2025-06-16T04:00:00Z,2025-06-16T15:09:58Z,OPM,Public Submission,False,09000064b8e0ff17
OPM-2025-0007-0296,Comment from Anonymous,2025-06-16T04:00:00Z,2025-06-16T15:21:45Z,OPM,Public Submission,False,09000064b8e107eb
OPM-2025-0007-0295,Comment from Deb Silverman,2025-06-16T04:00:00Z,2025-06-16T15:18:29Z,OPM,Public Submission,False,09000064b8e10984
OPM-2025-0007-0280,Comment from Anonymous,2025-06-16T04:00:00Z,2025-06-16T14:32:39Z,OPM,Public Submission,False,09000064b8e0f319
OPM-2025-0007-0279,Comment from Sylvie Warmath,2025-06-16T04:00:00Z,2025-06-16T14:30:47Z,OPM,Public Submission,False,09000064b8e0f21f
OPM-2025-0007-0284,Comment from Jeffrey Gigler,2025-06-16T04:00:00Z,2025-06-16T14:49:44Z,OPM,Public Submission,False,09000064b8e0f59a
OPM-2025-0007-0310,Comment from Jackie Simon,2025-06-16T04:00:00Z,2025-06-16T18:25:14Z,OPM,Public Submission,False,09000064b8e131d0
OPM-2025-0007-0327,Comment from Anonymous,2025-06-17T04:00:00Z,2025-06-17T17:24:14Z,OPM,Public Submission,False,09000064b8e150ab
OPM-2025-0007-0317,Comment from Virginia MacGowan,2025-06-16T04:00:00Z,2025-06-17T01:25:28Z,OPM,Public Submission,False,09000064b8e0f525
OPM-2025-0007-0318,Comment from Anonymous,2025-06-16T04:00:00Z,2025-06-17T01:26:25Z,OPM,Public Submission,False,09000064b8e1167f
OPM-2025-0007-0321,Comment from Ann Randall,2025-06-16T04:00:00Z,2025-06-17T03:35:57Z,OPM,Public Submission,False,09000064b8e134d9
OPM-2025-0007-0322,Comment from Anonymous,2025-06-17T04:00:00Z,2025-06-17T17:07:50Z,OPM,Public Submission,False,09000064b8e156b0
OPM-2025-0007-0365,Comment from Anonymous,2025-06-23T04:00:00Z,2025-06-23T16:05:46Z,OPM,Public Submission,False,09000064b8e2181d
OPM-2025-0007-0359,Comment from Betty Fellows,2025-06-23T04:00:00Z,2025-06-23T16:05:44Z,OPM,Public Submission,False,09000064b8e1feb9
OPM-2025-0007-0362,Comment from Ellen Hornstein,2025-06-23T04:00:00Z,2025-06-23T16:05:45Z,OPM,Public Submission,False,09000064b8e20f08
OPM-2025-0007-0355,Comment from Anonymous,2025-06-23T04:00:00Z,2025-06-23T16:05:42Z,OPM,Public Submission,False,09000064b8e1f8bf
OPM-2025-0007-0357,Comment from Abigail Johnson,2025-06-23T04:00:00Z,2025-06-23T16:05:43Z,OPM,Public Submission,False,09000064b8e1fdc4
OPM-2025-0007-0372,Comment from Anonymous,2025-06-23T04:00:00Z,2025-06-23T16:51:09Z,OPM,Public Submission,False,09000064b8e1e0a4
OPM-2025-0007-0371,Comment from Anonymous,2025-06-23T04:00:00Z,2025-06-23T16:51:08Z,OPM,Public Submission,False,09000064b8e24084
OPM-2025-0007-0375,Comment from Dani Sein,2025-06-23T04:00:00Z,2025-06-23T16:51:10Z,OPM,Public Submission,False,09000064b8e24709
OPM-2025-0007-0380,Comment from Citizen Jensen,2025-06-23T04:00:00Z,2025-06-23T16:51:13Z,OPM,Public Submission,False,09000064b8e24765
OPM-2025-0007-0370,Comment from Lindsay Beardall,2025-06-23T04:00:00Z,2025-06-23T16:25:00Z,OPM,Public Submission,False,09000064b8e23dbb
OPM-2025-0007-0367,Comment from J K,2025-06-23T04:00:00Z,2025-06-23T16:25:00Z,OPM,Public Submission,False,09000064b8e2384f
OPM-2025-0007-0369,Comment from Brenna Brooks,2025-06-23T04:00:00Z,2025-06-23T16:25:00Z,OPM,Public Submission,False,09000064b8e23868
OPM-2025-0007-0381,Comment from Anonymous,2025-06-23T04:00:00Z,2025-06-23T17:32:30Z,OPM,Public Submission,False,09000064b8e1fce4
OPM-2025-0007-0382,Comment from Anonymous,2025-06-23T04:00:00Z,2025-06-23T17:32:31Z,OPM,Public Submission,False,09000064b8e1fced
OPM-2025-0007-0384,Comment from Elizabeth Self,2025-06-23T04:00:00Z,2025-06-23T17:32:32Z,OPM,Public Submission,False,09000064b8e23b0f
OPM-2025-0007-0392,Comment from Anonymous Anonymous,2025-06-23T04:00:00Z,2025-06-23T17:32:35Z,OPM,Public Submission,False,09000064b8e2437e
OPM-2025-0007-0393,Comment from Anonymous,2025-06-23T04:00:00Z,2025-06-23T17:32:36Z,OPM,Public Submission,False,09000064b8e24393
OPM-2025-0007-0387,Comment from Anonymous,2025-06-23T04:00:00Z,2025-06-23T17:32:33Z,OPM,Public Submission,False,09000064b8e24935
OPM-2025-0007-0395,Comment from Anonymous,2025-06-23T04:00:00Z,2025-06-23T17:32:36Z,OPM,Public Submission,False,09000064b8e2496e
OPM-2025-0007-0368,Comment from Jaren Brooks,2025-06-23T04:00:00Z,2025-06-23T16:25:00Z,OPM,Public Submission,False,09000064b8e23861
OPM-2025-0007-0126,Comment from Anonymous,2025-06-12T04:00:00Z,2025-06-12T23:00:26Z,OPM,Public Submission,False,09000064b8e014b8
OPM-2025-0007-0269,Comment from American Patriot,2025-06-13T04:00:00Z,2025-06-14T00:33:57Z,OPM,Public Submission,False,09000064b8e0bf53
OPM-2025-0007-0270,Comment from Monica Doyle,2025-06-13T04:00:00Z,2025-06-14T00:52:49Z,OPM,Public Submission,False,09000064b8e082ff
OPM-2025-0007-0271,Comment from Peter Kronberg,2025-06-13T04:00:00Z,2025-06-14T00:52:49Z,OPM,Public Submission,False,09000064b8e0a29c
OPM-2025-0007-0398,Comment from Gibson Oakley,2025-06-23T04:00:00Z,2025-06-23T22:23:27Z,OPM,Public Submission,False,09000064b8e24c48
OPM-2025-0007-0400,Comment from Craig Harding,2025-06-23T04:00:00Z,2025-06-23T22:26:52Z,OPM,Public Submission,False,09000064b8e25b4f
OPM-2025-0007-0399,Comment from Anonymous,2025-06-23T04:00:00Z,2025-06-23T22:24:18Z,OPM,Public Submission,False,09000064b8e259fd
OPM-2025-0007-0408,Comment from Anonymous,2025-06-24T04:00:00Z,2025-06-24T14:50:14Z,OPM,Public Submission,False,09000064b8e27376
OPM-2025-0007-0402,Comment from Tiffany Engar-Smith,2025-06-24T04:00:00Z,2025-06-24T14:39:14Z,OPM,Public Submission,False,09000064b8e25ce9
OPM-2025-0007-0404,Comment from Gayle  Roessler,2025-06-24T04:00:00Z,2025-06-24T14:39:56Z,OPM,Public Submission,False,09000064b8e2606d
OPM-2025-0007-0406,Comment from Ari Johnson,2025-06-24T04:00:00Z,2025-06-24T14:40:47Z,OPM,Public Submission,False,09000064b8e2726c
OPM-2025-0007-0401,Comment from Anonymous,2025-06-24T04:00:00Z,2025-06-24T14:27:24Z,OPM,Public Submission,False,09000064b8e27327
OPM-2025-0007-0439,Comment from Eileen Schatz,2025-06-25T04:00:00Z,2025-06-26T00:51:27Z,OPM,Public Submission,False,09000064b8e30d38
OPM-2025-0007-0441,Comment from Anonymous,2025-06-25T04:00:00Z,2025-06-26T00:53:01Z,OPM,Public Submission,False,09000064b8e30dad
OPM-2025-0007-0440,Comment from Anne McClain,2025-06-25T04:00:00Z,2025-06-26T00:51:53Z,OPM,Public Submission,False,09000064b8e30d39
OPM-2025-0007-0438,Comment from Sue  Kempton,2025-06-25T04:00:00Z,2025-06-26T00:51:07Z,OPM,Public Submission,False,09000064b8e30d34
OPM-2025-0007-0442,Comment from S R,2025-06-26T04:00:00Z,2025-06-26T14:33:09Z,OPM,Public Submission,False,09000064b8e30cae
OPM-2025-0007-0444,Comment from William Rivers,2025-06-26T04:00:00Z,2025-06-26T14:35:07Z,OPM,Public Submission,False,09000064b8e31462
OPM-2025-0007-0443,Comment from Anonymous,2025-06-26T04:00:00Z,2025-06-26T14:34:20Z,OPM,Public Submission,False,09000064b8e31417
OPM-2025-0007-0215,Comment from Lindsey Van de Kirk,2025-06-13T04:00:00Z,2025-06-13T16:48:00Z,OPM,Public Submission,False,09000064b8e02a6b
OPM-2025-0007-0217,Comment from Mary Mynatt,2025-06-13T04:00:00Z,2025-06-13T16:48:00Z,OPM,Public Submission,False,09000064b8e02af8
OPM-2025-0007-0219,Comment from Rose  Moreland,2025-06-13T04:00:00Z,2025-06-13T16:48:01Z,OPM,Public Submission,False,09000064b8e02bc4
OPM-2025-0007-0238,Comment from Anonymous,2025-06-13T04:00:00Z,2025-06-13T16:48:08Z,OPM,Public Submission,False,09000064b8e03a6d
OPM-2025-0007-0228,Comment from Anonymous,2025-06-13T04:00:00Z,2025-06-13T16:48:04Z,OPM,Public Submission,False,09000064b8e03d3d
OPM-2025-0007-0229,Comment from Anonymous,2025-06-13T04:00:00Z,2025-06-13T16:48:05Z,OPM,Public Submission,False,09000064b8e03e11
OPM-2025-0007-0230,Comment from A K,2025-06-13T04:00:00Z,2025-06-13T16:48:05Z,OPM,Public Submission,False,09000064b8e03e60
OPM-2025-0007-0234,Comment from Johnathan  LaRoach,2025-06-13T04:00:00Z,2025-06-13T16:48:07Z,OPM,Public Submission,False,09000064b8e03f9a
OPM-2025-0007-0235,Comment from Anonymous,2025-06-13T04:00:00Z,2025-06-13T16:48:07Z,OPM,Public Submission,False,09000064b8e03fdd
OPM-2025-0007-0243,Comment from Anonymous,2025-06-13T04:00:00Z,2025-06-13T16:48:10Z,OPM,Public Submission,False,09000064b8e04943
OPM-2025-0007-0246,Comment from Anonymous,2025-06-13T04:00:00Z,2025-06-13T16:48:11Z,OPM,Public Submission,False,09000064b8e04a1f
OPM-2025-0007-0209,Comment from Anonymous,2025-06-13T04:00:00Z,2025-06-13T16:47:57Z,OPM,Public Submission,False,09000064b8e00cc7
OPM-2025-0007-0210,Comment from Anonymous,2025-06-13T04:00:00Z,2025-06-13T16:47:58Z,OPM,Public Submission,False,09000064b8e02926
OPM-2025-0007-0216,Comment from C O'Neil,2025-06-13T04:00:00Z,2025-06-13T16:48:00Z,OPM,Public Submission,False,09000064b8e02af2
OPM-2025-0007-0218,Comment from Jamaine Abidogun,2025-06-13T04:00:00Z,2025-06-13T16:48:01Z,OPM,Public Submission,False,09000064b8e02afc
OPM-2025-0007-0236,Comment from Sandra Chenelly,2025-06-13T04:00:00Z,2025-06-13T16:48:07Z,OPM,Public Submission,False,09000064b8e0396a
OPM-2025-0007-0232,Comment from Anonymous,2025-06-13T04:00:00Z,2025-06-13T16:48:06Z,OPM,Public Submission,False,09000064b8e03f01
OPM-2025-0007-0245,Comment from Anonymous,2025-06-13T04:00:00Z,2025-06-13T16:48:11Z,OPM,Public Submission,False,09000064b8e04a1d
OPM-2025-0007-0248,Comment from Anonymous,2025-06-13T04:00:00Z,2025-06-13T16:48:12Z,OPM,Public Submission,False,09000064b8e04b1d
OPM-2025-0007-0198,Comment from Anonymous,2025-06-12T04:00:00Z,2025-06-13T05:38:51Z,OPM,Public Submission,False,09000064b8e00ac5
OPM-2025-0007-0194,Comment from Laura Martin,2025-06-12T04:00:00Z,2025-06-13T05:30:33Z,OPM,Public Submission,False,09000064b8e022a0
OPM-2025-0007-0196,Comment from Anonymous,2025-06-12T04:00:00Z,2025-06-13T05:37:06Z,OPM,Public Submission,False,09000064b8e024f2
OPM-2025-0007-0197,Comment from Anonymous,2025-06-12T04:00:00Z,2025-06-13T05:37:59Z,OPM,Public Submission,False,09000064b8e025fa
OPM-2025-0007-0200,Comment from Jessica Dwyer,2025-06-12T04:00:00Z,2025-06-13T05:41:45Z,OPM,Public Submission,False,09000064b8e029da
OPM-2025-0007-0188,Comment from Anonymous,2025-06-12T04:00:00Z,2025-06-13T05:25:19Z,OPM,Public Submission,False,09000064b8e01c87
OPM-2025-0007-0189,Comment from Chrissy Nyberg,2025-06-12T04:00:00Z,2025-06-13T05:26:12Z,OPM,Public Submission,False,09000064b8e01d72
OPM-2025-0007-0190,Comment from Anonymous,2025-06-12T04:00:00Z,2025-06-13T05:27:04Z,OPM,Public Submission,False,09000064b8e01e67
OPM-2025-0007-0208,Comment from Ruth Eveland,2025-06-13T04:00:00Z,2025-06-13T15:24:18Z,OPM,Public Submission,False,09000064b8e049b6
OPM-2025-0007-0251,Comment from KATHRYN MAYNES,2025-06-13T04:00:00Z,2025-06-13T17:25:51Z,OPM,Public Submission,False,09000064b8e04bc8
OPM-2025-0007-0253,Comment from Anonymous,2025-06-13T04:00:00Z,2025-06-13T18:49:40Z,OPM,Public Submission,False,09000064b8e03ed7
OPM-2025-0007-0255,Comment from Anonymous,2025-06-13T04:00:00Z,2025-06-13T18:51:56Z,OPM,Public Submission,False,09000064b8e04a8b
OPM-2025-0007-0254,Comment from Elon Musk,2025-06-13T04:00:00Z,2025-06-13T18:50:30Z,OPM,Public Submission,False,09000064b8e03b18
OPM-2025-0007-0252,Comment from Anonymous,2025-06-13T04:00:00Z,2025-06-13T18:47:53Z,OPM,Public Submission,False,09000064b8dfdb98
OPM-2025-0007-0412,Comment from Brian Ward,2025-06-24T04:00:00Z,2025-06-24T17:53:11Z,OPM,Public Submission,False,09000064b8e28fa7
OPM-2025-0007-0430,Comment from Robert Durban,2025-06-25T04:00:00Z,2025-06-25T17:26:24Z,OPM,Public Submission,False,09000064b8e2f945
OPM-2025-0007-0426,Comment from T. L  Johnson,2025-06-25T04:00:00Z,2025-06-25T17:19:08Z,OPM,Public Submission,False,09000064b8e2fb34
OPM-2025-0007-0423,Comment from Mary Rust,2025-06-25T04:00:00Z,2025-06-25T17:13:47Z,OPM,Public Submission,False,09000064b8e2e7fc
OPM-2025-0007-0421,Comment from Suzanne Sorkin,2025-06-25T04:00:00Z,2025-06-25T17:11:43Z,OPM,Public Submission,False,09000064b8e2e7f3
OPM-2025-0007-0431,Comment from Hilary Finch,2025-06-25T04:00:00Z,2025-06-25T18:12:41Z,OPM,Public Submission,False,09000064b8e301a3
OPM-2025-0007-0002,Comment from E R,2025-06-04T04:00:00Z,2025-06-04T18:30:33Z,OPM,Public Submission,False,09000064b8dd48c3
OPM-2025-0007-0003,Comment from Anonymous,2025-06-04T04:00:00Z,2025-06-04T18:30:33Z,OPM,Public Submission,False,09000064b8dd560c
OPM-2025-0007-0008,Comment from Anonymous  Citizen,2025-06-04T04:00:00Z,2025-06-04T18:30:35Z,OPM,Public Submission,False,09000064b8dd742e
OPM-2025-0007-0123,Comment from Anonymous,2025-06-12T04:00:00Z,2025-06-12T22:57:41Z,OPM,Public Submission,False,09000064b8e013c5
OPM-2025-0007-0146,Comment from Lora Ackerman,2025-06-12T04:00:00Z,2025-06-12T23:32:52Z,OPM,Public Submission,False,09000064b8e01f86
OPM-2025-0007-0156,Comment from Anonymous,2025-06-12T04:00:00Z,2025-06-13T00:02:38Z,OPM,Public Submission,False,09000064b8e00e69
OPM-2025-0007-0161,Comment from Tammy  Hogan,2025-06-12T04:00:00Z,2025-06-13T00:06:31Z,OPM,Public Submission,False,09000064b8e00e59
OPM-2025-0007-0160,Comment from Patrick Wicklund,2025-06-12T04:00:00Z,2025-06-13T00:05:49Z,OPM,Public Submission,False,09000064b8e01357
OPM-2025-0007-0148,Comment from Anonymous,2025-06-12T04:00:00Z,2025-06-12T23:34:09Z,OPM,Public Submission,False,09000064b8e01fc5
OPM-2025-0007-0134,Comment from Anonymous,2025-06-12T04:00:00Z,2025-06-12T23:22:34Z,OPM,Public Submission,False,09000064b8e01b79
OPM-2025-0007-0139,Comment from Anonymous,2025-06-12T04:00:00Z,2025-06-12T23:26:05Z,OPM,Public Submission,False,09000064b8e01d64
OPM-2025-0007-0128,Comment from Anonymous,2025-06-12T04:00:00Z,2025-06-12T23:18:51Z,OPM,Public Submission,False,09000064b8e0199d
OPM-2025-0007-0143,Comment from Anonymous,2025-06-12T04:00:00Z,2025-06-12T23:29:40Z,OPM,Public Submission,False,09000064b8e01e56
OPM-2025-0007-0152,Comment from Brian Payne,2025-06-12T04:00:00Z,2025-06-12T23:45:15Z,OPM,Public Submission,False,09000064b8e01ea4
OPM-2025-0007-0159,Comment from Courtney Pope,2025-06-12T04:00:00Z,2025-06-13T00:05:24Z,OPM,Public Submission,False,09000064b8e00da6
OPM-2025-0007-0127,Comment from J Clark,2025-06-12T04:00:00Z,2025-06-12T23:18:31Z,OPM,Public Submission,False,09000064b8e0190e
OPM-2025-0007-0182,Comment from Gwen Robinson,2025-06-12T04:00:00Z,2025-06-13T00:59:55Z,OPM,Public Submission,False,09000064b8e00b55
OPM-2025-0007-0165,Comment from Don Frerichs,2025-06-12T04:00:00Z,2025-06-13T00:12:01Z,OPM,Public Submission,False,09000064b8e0173a
OPM-2025-0007-0170,Comment from Anonymous,2025-06-12T04:00:00Z,2025-06-13T00:17:56Z,OPM,Public Submission,False,09000064b8e021ad
OPM-2025-0007-0174,Comment from Anonymous,2025-06-12T04:00:00Z,2025-06-13T00:21:29Z,OPM,Public Submission,False,09000064b8e023c6
OPM-2025-0007-0181,Comment from Pam Shank,2025-06-12T04:00:00Z,2025-06-13T00:33:57Z,OPM,Public Submission,False,09000064b8e00b37
OPM-2025-0007-0313,Comment from Anonymous,2025-06-16T04:00:00Z,2025-06-16T21:01:41Z,OPM,Public Submission,False,09000064b8e13653
OPM-2025-0007-0081,Comment from Citizen Geisinger,2025-06-12T04:00:00Z,2025-06-12T20:47:48Z,OPM,Public Submission,False,09000064b8dffce0
OPM-2025-0007-0079,Comment from Janet Freeman,2025-06-12T04:00:00Z,2025-06-12T20:45:44Z,OPM,Public Submission,False,09000064b8dffca1
OPM-2025-0007-0021,Comment from Anonymous,2025-06-05T04:00:00Z,2025-06-05T18:05:24Z,OPM,Public Submission,False,09000064b8dda1af
OPM-2025-0007-0019,Comment from Anonymous,2025-06-05T04:00:00Z,2025-06-05T18:05:24Z,OPM,Public Submission,False,09000064b8dd928e
OPM-2025-0007-0013,Comment from Anonymous,2025-06-05T04:00:00Z,2025-06-05T18:05:21Z,OPM,Public Submission,False,09000064b8dd9a1f
OPM-2025-0007-0047,Comment from Anonymous,2025-06-09T04:00:00Z,2025-06-09T22:48:49Z,OPM,Public Submission,False,09000064b8de6f34
OPM-2025-0007-0056,Comment from Devon Corbitt,2025-06-11T04:00:00Z,2025-06-11T16:59:49Z,OPM,Public Submission,False,09000064b8df49f8
OPM-2025-0007-0059,Comment from Anonymous,2025-06-11T04:00:00Z,2025-06-11T17:07:25Z,OPM,Public Submission,False,09000064b8dee734
OPM-2025-0007-0060,Comment from Jodi Mallozzi,2025-06-11T04:00:00Z,2025-06-11T17:13:22Z,OPM,Public Submission,False,09000064b8df4d5f
OPM-2025-0007-0058,Comment from Anonymous,2025-06-11T04:00:00Z,2025-06-11T17:05:37Z,OPM,Public Submission,False,09000064b8dee698
OPM-2025-0007-0062,Comment from Anonymous Anonymous,2025-06-11T04:00:00Z,2025-06-11T17:16:18Z,OPM,Public Submission,False,09000064b8df5d82
OPM-2025-0007-0064,Comment from Jordan Ross,2025-06-11T04:00:00Z,2025-06-11T19:13:44Z,OPM,Public Submission,False,09000064b8df5184
OPM-2025-0007-0089,Comment from Anonymous,2025-06-12T04:00:00Z,2025-06-12T21:12:36Z,OPM,Public Submission,False,09000064b8e00f6f
OPM-2025-0007-0074,Comment from Anonymous,2025-06-12T04:00:00Z,2025-06-12T20:35:03Z,OPM,Public Submission,False,09000064b8dfceea
OPM-2025-0007-0077,Comment from Anonymous,2025-06-12T04:00:00Z,2025-06-12T20:44:45Z,OPM,Public Submission,False,09000064b8dffc87
OPM-2025-0007-0101,Comment from Anonymous,2025-06-12T04:00:00Z,2025-06-12T21:25:02Z,OPM,Public Submission,False,09000064b8e011e9
OPM-2025-0007-0100,Comment from Michele Tucker,2025-06-12T04:00:00Z,2025-06-12T21:23:45Z,OPM,Public Submission,False,09000064b8e011e4
OPM-2025-0007-0116,Comment from Anonymous,2025-06-12T04:00:00Z,2025-06-12T21:52:00Z,OPM,Public Submission,False,09000064b8e0128c
OPM-2025-0007-0120,Comment from Anonymous,2025-06-12T04:00:00Z,2025-06-12T21:58:33Z,OPM,Public Submission,False,09000064b8e012e7
OPM-2025-0007-0706,Comment from Marc Breslow,2025-07-03T04:00:00Z,2025-07-03T19:39:56Z,OPM,Public Submission,False,09000064b8e4da72
OPM-2025-0007-0690,Comment from Robert Richards,2025-07-03T04:00:00Z,2025-07-03T18:56:12Z,OPM,Public Submission,False,09000064b8e4e16c
OPM-2025-0007-0691,Comment from Chandra Williams,2025-07-03T04:00:00Z,2025-07-03T18:56:12Z,OPM,Public Submission,False,09000064b8e4e179
OPM-2025-0007-0678,Comment from Corinna A. Weiss,2025-07-03T04:00:00Z,2025-07-03T18:56:08Z,OPM,Public Submission,False,09000064b8e4d0f9
OPM-2025-0007-0673,Comment from Anonymous,2025-07-03T04:00:00Z,2025-07-03T18:56:06Z,OPM,Public Submission,False,09000064b8e4d500
OPM-2025-0007-0685,Comment from Anonymous,2025-07-03T04:00:00Z,2025-07-03T18:56:10Z,OPM,Public Submission,False,09000064b8e4d7d2
OPM-2025-0007-0682,Comment from Cynthia Rose,2025-07-03T04:00:00Z,2025-07-03T18:56:09Z,OPM,Public Submission,False,09000064b8e4e138
OPM-2025-0007-0684,Comment from Anonymous,2025-07-03T04:00:00Z,2025-07-03T18:56:10Z,OPM,Public Submission,False,09000064b8e4e158
OPM-2025-0007-0679,Comment from Anonymous,2025-07-03T04:00:00Z,2025-07-03T18:56:08Z,OPM,Public Submission,False,09000064b8e4d0fd
OPM-2025-0007-0689,Comment from Anonymous,2025-07-03T04:00:00Z,2025-07-03T18:56:11Z,OPM,Public Submission,False,09000064b8e4d7f1
OPM-2025-0007-0683,Comment from Anonymous,2025-07-03T04:00:00Z,2025-07-03T18:56:10Z,OPM,Public Submission,False,09000064b8e4e13d
OPM-2025-0007-0694,Comment from Thomas Kenney,2025-07-03T04:00:00Z,2025-07-03T18:56:13Z,OPM,Public Submission,False,09000064b8e4e1af
OPM-2025-0007-0698,Comment from yelena ostro,2025-07-03T04:00:00Z,2025-07-03T18:56:14Z,OPM,Public Submission,False,09000064b8e4e1d8
OPM-2025-0007-0693,Comment from Anonymous,2025-07-03T04:00:00Z,2025-07-03T18:56:13Z,OPM,Public Submission,False,09000064b8e4e1a1
OPM-2025-0007-1078,Comment from Anonymous,2025-07-07T04:00:00Z,2025-07-07T16:40:13Z,OPM,Public Submission,False,09000064b8e508af
OPM-2025-0007-1064,Comment from Partnership for Public Service,2025-07-07T04:00:00Z,2025-07-07T15:32:52Z,OPM,Public Submission,False,09000064b8e51e83
OPM-2025-0007-1070,Comment from Project On Government Oversight,2025-07-07T04:00:00Z,2025-07-07T15:43:35Z,OPM,Public Submission,False,09000064b8e55974
OPM-2025-0007-1065,Comment from John Jeremy,2025-07-07T04:00:00Z,2025-07-07T15:34:27Z,OPM,Public Submission,False,09000064b8e55172
OPM-2025-0007-1041,Comment from Y T,2025-07-07T04:00:00Z,2025-07-07T14:32:44Z,OPM,Public Submission,False,09000064b8e4c331
OPM-2025-0007-1042,Comment from Paulie Beck,2025-07-07T04:00:00Z,2025-07-07T14:35:21Z,OPM,Public Submission,False,09000064b8e4ce09
OPM-2025-0007-1044,Comment from Anonymous,2025-07-07T04:00:00Z,2025-07-07T14:39:34Z,OPM,Public Submission,False,09000064b8e4ce36
OPM-2025-0007-1045,Comment from Anonymous,2025-07-07T04:00:00Z,2025-07-07T14:41:32Z,OPM,Public Submission,False,09000064b8e4ce44
OPM-2025-0007-1037,Comment from Anonymous,2025-07-07T04:00:00Z,2025-07-07T14:28:13Z,OPM,Public Submission,False,09000064b8e4cadc
OPM-2025-0007-1038,Comment from Anonymous,2025-07-07T04:00:00Z,2025-07-07T14:29:25Z,OPM,Public Submission,False,09000064b8e4caf0
OPM-2025-0007-1083,Comment from Kieran Prince,2025-07-07T04:00:00Z,2025-07-07T16:53:34Z,OPM,Public Submission,False,09000064b8e4dfbd
OPM-2025-0007-1084,Comment from Anonymous,2025-07-07T04:00:00Z,2025-07-07T16:56:21Z,OPM,Public Submission,False,09000064b8e4dfbe
OPM-2025-0007-1087,Comment from susana raab,2025-07-07T04:00:00Z,2025-07-07T17:02:15Z,OPM,Public Submission,False,09000064b8e4dfc5
OPM-2025-0007-0729,Comment from Anonymous,2025-07-03T04:00:00Z,2025-07-03T19:40:17Z,OPM,Public Submission,False,09000064b8e4d823
OPM-2025-0007-0702,Comment from Anonymous,2025-07-03T04:00:00Z,2025-07-03T19:39:52Z,OPM,Public Submission,False,09000064b8e4da3e
OPM-2025-0007-0705,Comment from Wanda Bahr,2025-07-03T04:00:00Z,2025-07-03T19:39:55Z,OPM,Public Submission,False,09000064b8e4da6e
OPM-2025-0007-0707,Comment from CAROLYN MCCARTHY,2025-07-03T04:00:00Z,2025-07-03T19:39:57Z,OPM,Public Submission,False,09000064b8e4da97
OPM-2025-0007-0710,Comment from Anonymous,2025-07-03T04:00:00Z,2025-07-03T19:40:00Z,OPM,Public Submission,False,09000064b8e4dab6
OPM-2025-0007-0712,Comment from Sally  Rainey,2025-07-03T04:00:00Z,2025-07-03T19:40:01Z,OPM,Public Submission,False,09000064b8e4dac1
OPM-2025-0007-0713,Comment from Suzanne Frazier,2025-07-03T04:00:00Z,2025-07-03T19:40:02Z,OPM,Public Submission,False,09000064b8e4dac2
OPM-2025-0007-0714,Comment from Anonymous,2025-07-03T04:00:00Z,2025-07-03T19:40:03Z,OPM,Public Submission,False,09000064b8e4db95
OPM-2025-0007-0716,Comment from Anonymous,2025-07-03T04:00:00Z,2025-07-03T19:40:05Z,OPM,Public Submission,False,09000064b8e50a14
OPM-2025-0007-0725,Comment from Anonymous,2025-07-03T04:00:00Z,2025-07-03T19:40:13Z,OPM,Public Submission,False,09000064b8e50be6
OPM-2025-0007-0726,Comment from Anonymous,2025-07-03T04:00:00Z,2025-07-03T19:40:14Z,OPM,Public Submission,False,09000064b8e50be7
OPM-2025-0007-0727,Comment from Anonymous,2025-07-03T04:00:00Z,2025-07-03T19:40:15Z,OPM,Public Submission,False,09000064b8e50bea
OPM-2025-0007-0772,Comment from Anonymous,2025-07-03T04:00:00Z,2025-07-03T22:29:18Z,OPM,Public Submission,False,09000064b8e508b5
OPM-2025-0007-0775,Comment from Citizen  Chaves,2025-07-03T04:00:00Z,2025-07-03T22:29:21Z,OPM,Public Submission,False,09000064b8e508bb
OPM-2025-0007-0779,Comment from Anonymous,2025-07-03T04:00:00Z,2025-07-03T22:29:24Z,OPM,Public Submission,False,09000064b8e508d5
OPM-2025-0007-0784,Comment from Anonymous,2025-07-03T04:00:00Z,2025-07-03T22:29:28Z,OPM,Public Submission,False,09000064b8e508ea
OPM-2025-0007-0761,Comment from Kip Anderson,2025-07-03T04:00:00Z,2025-07-03T22:29:10Z,OPM,Public Submission,False,09000064b8e50a11
OPM-2025-0007-0762,Comment from Anonymous,2025-07-03T04:00:00Z,2025-07-03T22:29:11Z,OPM,Public Submission,False,09000064b8e5089b
OPM-2025-0007-0763,Comment from Anonymous,2025-07-03T04:00:00Z,2025-07-03T22:29:11Z,OPM,Public Submission,False,09000064b8e5089d
OPM-2025-0007-0764,Comment from Anonymous,2025-07-03T04:00:00Z,2025-07-03T22:29:12Z,OPM,Public Submission,False,09000064b8e508a0
OPM-2025-0007-0766,Comment from Anonymous,2025-07-03T04:00:00Z,2025-07-03T22:29:14Z,OPM,Public Submission,False,09000064b8e508a8
OPM-2025-0007-0767,Comment from Steve Parebal,2025-07-03T04:00:00Z,2025-07-03T22:29:15Z,OPM,Public Submission,False,09000064b8e508ab
OPM-2025-0007-0768,Comment from Anonymous,2025-07-03T04:00:00Z,2025-07-03T22:29:15Z,OPM,Public Submission,False,09000064b8e508ae
OPM-2025-0007-0769,Comment from Anonymous,2025-07-03T04:00:00Z,2025-07-03T22:29:16Z,OPM,Public Submission,False,09000064b8e508b2
OPM-2025-0007-0771,Comment from Anonymous,2025-07-03T04:00:00Z,2025-07-03T22:29:18Z,OPM,Public Submission,False,09000064b8e508b4
OPM-2025-0007-0787,Comment from Anonymous,2025-07-03T04:00:00Z,2025-07-03T22:29:31Z,OPM,Public Submission,False,09000064b8e4df57
OPM-2025-0007-0791,Comment from Anonymous,2025-07-03T04:00:00Z,2025-07-03T22:29:34Z,OPM,Public Submission,False,09000064b8e4df62
OPM-2025-0007-0795,Comment from Anonymous,2025-07-03T04:00:00Z,2025-07-03T22:29:37Z,OPM,Public Submission,False,09000064b8e4df6d
OPM-2025-0007-0796,Comment from Anonymous,2025-07-03T04:00:00Z,2025-07-03T22:29:38Z,OPM,Public Submission,False,09000064b8e4df6f
OPM-2025-0007-0800,Comment from Anonymous,2025-07-03T04:00:00Z,2025-07-03T22:29:41Z,OPM,Public Submission,False,09000064b8e4df92
OPM-2025-0007-0803,Comment from Anonymous,2025-07-03T04:00:00Z,2025-07-03T22:29:43Z,OPM,Public Submission,False,09000064b8e4df96
OPM-2025-0007-0807,Comment from Zachary Smith,2025-07-03T04:00:00Z,2025-07-03T22:29:46Z,OPM,Public Submission,False,09000064b8e4dfa5
OPM-2025-0007-0808,Comment from ANNMARIE Kmetz,2025-07-03T04:00:00Z,2025-07-03T22:29:47Z,OPM,Public Submission,False,09000064b8e4dfa6
OPM-2025-0007-0814,Comment from Anonymous,2025-07-03T04:00:00Z,2025-07-03T22:29:52Z,OPM,Public Submission,False,09000064b8e4dfed
OPM-2025-0007-0821,Comment from Anonymous,2025-07-03T04:00:00Z,2025-07-03T22:29:57Z,OPM,Public Submission,False,09000064b8e4dffe
OPM-2025-0007-0743,Comment from D S,2025-07-03T04:00:00Z,2025-07-03T20:30:30Z,OPM,Public Submission,False,09000064b8e50864
OPM-2025-0007-0747,Comment from Victoria Renard,2025-07-03T04:00:00Z,2025-07-03T20:30:33Z,OPM,Public Submission,False,09000064b8e50869
OPM-2025-0007-0748,Comment from Anonymous,2025-07-03T04:00:00Z,2025-07-03T20:30:34Z,OPM,Public Submission,False,09000064b8e5086a
OPM-2025-0007-0753,Comment from Anonymous,2025-07-03T04:00:00Z,2025-07-03T20:30:38Z,OPM,Public Submission,False,09000064b8e5087a
OPM-2025-0007-0759,Comment from Tom Watson,2025-07-03T04:00:00Z,2025-07-03T20:30:43Z,OPM,Public Submission,False,09000064b8e50889
OPM-2025-0007-0731,Comment from Anonymous,2025-07-03T04:00:00Z,2025-07-03T20:30:21Z,OPM,Public Submission,False,09000064b8e50bdc
OPM-2025-0007-0735,Comment from Anonymous,2025-07-03T04:00:00Z,2025-07-03T20:30:24Z,OPM,Public Submission,False,09000064b8e5080e
OPM-2025-0007-0746,Comment from Anonymous,2025-07-03T04:00:00Z,2025-07-03T20:30:32Z,OPM,Public Submission,False,09000064b8e50868
OPM-2025-0007-0752,Comment from Anonymous,2025-07-03T04:00:00Z,2025-07-03T20:30:37Z,OPM,Public Submission,False,09000064b8e50878
OPM-2025-0007-0876,Comment from Rob Alexander,2025-07-03T04:00:00Z,2025-07-03T22:30:44Z,OPM,Public Submission,False,09000064b8e4e07b
OPM-2025-0007-0897,Comment from Anonymous,2025-07-03T04:00:00Z,2025-07-03T22:31:01Z,OPM,Public Submission,False,09000064b8e4e0ad
OPM-2025-0007-0889,Comment from Anonymous,2025-07-03T04:00:00Z,2025-07-03T22:30:55Z,OPM,Public Submission,False,09000064b8e4e0a3
OPM-2025-0007-0909,Comment from Anonymous,2025-07-03T04:00:00Z,2025-07-03T22:31:10Z,OPM,Public Submission,False,09000064b8e4e0ce
OPM-2025-0007-0828,Comment from Anonymous,2025-07-03T04:00:00Z,2025-07-03T22:30:02Z,OPM,Public Submission,False,09000064b8e4e006
OPM-2025-0007-0905,Comment from Anonymous,2025-07-03T04:00:00Z,2025-07-03T22:31:07Z,OPM,Public Submission,False,09000064b8e4e0c3
OPM-2025-0007-0913,Comment from Anonymous,2025-07-03T04:00:00Z,2025-07-03T22:31:13Z,OPM,Public Submission,False,09000064b8e4e0d5
OPM-2025-0007-0994,Comment from Anonymous,2025-07-03T04:00:00Z,2025-07-03T22:32:17Z,OPM,Public Submission,False,09000064b8e4e4c9
OPM-2025-0007-0969,Comment from Anonymous,2025-07-03T04:00:00Z,2025-07-03T22:31:57Z,OPM,Public Submission,False,09000064b8e4e37f
OPM-2025-0007-0992,Comment from Maria Espinoza,2025-07-03T04:00:00Z,2025-07-03T22:32:15Z,OPM,Public Submission,False,09000064b8e4e47a
OPM-2025-0007-0939,Comment from Anonymous Anonymous,2025-07-03T04:00:00Z,2025-07-03T22:31:34Z,OPM,Public Submission,False,09000064b8e50d68
OPM-2025-0007-1029,Comment from Anonymous,2025-07-03T04:00:00Z,2025-07-03T22:32:45Z,OPM,Public Submission,False,09000064b8e51f93
OPM-2025-0007-1035,Comment from Gerald Jochem,2025-07-03T04:00:00Z,2025-07-03T22:32:49Z,OPM,Public Submission,False,09000064b8e54d6d
OPM-2025-0007-0862,Comment from Anonymous,2025-07-03T04:00:00Z,2025-07-03T22:30:33Z,OPM,Public Submission,False,09000064b8e4e069
OPM-2025-0007-1036,Comment from Robert Belachik,2025-07-03T04:00:00Z,2025-07-03T22:32:50Z,OPM,Public Submission,False,09000064b8e54dc9
OPM-2025-0007-0878,Comment from Anonymous,2025-07-03T04:00:00Z,2025-07-03T22:30:46Z,OPM,Public Submission,False,09000064b8e4e07e
OPM-2025-0007-0929,Comment from Anonymous,2025-07-03T04:00:00Z,2025-07-03T22:31:26Z,OPM,Public Submission,False,09000064b8e50d50
OPM-2025-0007-0884,Comment from Anonymous,2025-07-03T04:00:00Z,2025-07-03T22:30:51Z,OPM,Public Submission,False,09000064b8e4e08f
OPM-2025-0007-0959,Comment from Ex Fed,2025-07-03T04:00:00Z,2025-07-03T22:31:49Z,OPM,Public Submission,False,09000064b8e51113
OPM-2025-0007-0963,Comment from Danny Cramer,2025-07-03T04:00:00Z,2025-07-03T22:31:52Z,OPM,Public Submission,False,09000064b8e51129
OPM-2025-0007-0914,Comment from Matt Rau,2025-07-03T04:00:00Z,2025-07-03T22:31:14Z,OPM,Public Submission,False,09000064b8e4e0d6
OPM-2025-0007-0985,Comment from Judith Coan-Stevens,2025-07-03T04:00:00Z,2025-07-03T22:32:10Z,OPM,Public Submission,False,09000064b8e4e3ed
OPM-2025-0007-0988,Comment from Sereno Strathcoyne,2025-07-03T04:00:00Z,2025-07-03T22:32:12Z,OPM,Public Submission,False,09000064b8e4e417
OPM-2025-0007-0919,Comment from Anonymous,2025-07-03T04:00:00Z,2025-07-03T22:31:18Z,OPM,Public Submission,False,09000064b8e50d11
OPM-2025-0007-0946,Comment from Wes Sch,2025-07-03T04:00:00Z,2025-07-03T22:31:39Z,OPM,Public Submission,False,09000064b8e50d73
OPM-2025-0007-0933,Comment from Mike Rodriguez uez,2025-07-03T04:00:00Z,2025-07-03T22:31:29Z,OPM,Public Submission,False,09000064b8e50c42
OPM-2025-0007-0845,Comment from Anonymous,2025-07-03T04:00:00Z,2025-07-03T22:30:16Z,OPM,Public Submission,False,09000064b8e4e026
OPM-2025-0007-0928,Comment from Anonymous,2025-07-03T04:00:00Z,2025-07-03T22:31:25Z,OPM,Public Submission,False,09000064b8e50d4d
OPM-2025-0007-0827,Comment from Anonymous,2025-07-03T04:00:00Z,2025-07-03T22:30:02Z,OPM,Public Submission,False,09000064b8e4e005
OPM-2025-0007-0893,Comment from Jesse Shoghi,2025-07-03T04:00:00Z,2025-07-03T22:30:58Z,OPM,Public Submission,False,09000064b8e4e0a7
OPM-2025-0007-0896,Comment from Anonymous,2025-07-03T04:00:00Z,2025-07-03T22:31:00Z,OPM,Public Submission,False,09000064b8e4e0ab
OPM-2025-0007-0954,Comment from Ann Murphy,2025-07-03T04:00:00Z,2025-07-03T22:31:46Z,OPM,Public Submission,False,09000064b8e4e0ff
OPM-2025-0007-0917,Comment from Brandon Cockrum,2025-07-03T04:00:00Z,2025-07-03T22:31:16Z,OPM,Public Submission,False,09000064b8e508f1
OPM-2025-0007-0998,Comment from Mathew Mills,2025-07-03T04:00:00Z,2025-07-03T22:32:20Z,OPM,Public Submission,False,09000064b8e53524
OPM-2025-0007-0996,Comment from Anonymous,2025-07-03T04:00:00Z,2025-07-03T22:32:18Z,OPM,Public Submission,False,09000064b8e4e4eb
OPM-2025-0007-0960,Comment from Anonymous,2025-07-03T04:00:00Z,2025-07-03T22:31:50Z,OPM,Public Submission,False,09000064b8e5111c
OPM-2025-0007-0923,Comment from Anonymous,2025-07-03T04:00:00Z,2025-07-03T22:31:21Z,OPM,Public Submission,False,09000064b8e50d23
OPM-2025-0007-0968,Comment from Anonymous Anonymous,2025-07-03T04:00:00Z,2025-07-03T22:31:57Z,OPM,Public Submission,False,09000064b8e5145d
OPM-2025-0007-0940,Comment from Anonymous,2025-07-03T04:00:00Z,2025-07-03T22:31:35Z,OPM,Public Submission,False,09000064b8e50d6a
OPM-2025-0007-0943,Comment from Anonymous,2025-07-03T04:00:00Z,2025-07-03T22:31:37Z,OPM,Public Submission,False,09000064b8e50d6d
OPM-2025-0007-0855,Comment from Hunter Camfield,2025-07-03T04:00:00Z,2025-07-03T22:30:24Z,OPM,Public Submission,False,09000064b8e4e055
OPM-2025-0007-1028,Comment from Anonymous,2025-07-03T04:00:00Z,2025-07-03T22:32:44Z,OPM,Public Submission,False,09000064b8e51f56
OPM-2025-0007-0868,Comment from Anonymous,2025-07-03T04:00:00Z,2025-07-03T22:30:38Z,OPM,Public Submission,False,09000064b8e4e06f
OPM-2025-0007-0870,Comment from Anonymous,2025-07-03T04:00:00Z,2025-07-03T22:30:40Z,OPM,Public Submission,False,09000064b8e4e071
OPM-2025-0007-1022,Comment from Kendra Barlow-Johnson,2025-07-03T04:00:00Z,2025-07-03T22:32:39Z,OPM,Public Submission,False,09000064b8e54655
OPM-2025-0007-0880,Comment from Anonymous,2025-07-03T04:00:00Z,2025-07-03T22:30:47Z,OPM,Public Submission,False,09000064b8e4e089
OPM-2025-0007-0882,Comment from J Bergquist,2025-07-03T04:00:00Z,2025-07-03T22:30:49Z,OPM,Public Submission,False,09000064b8e4e08b
OPM-2025-0007-0945,Comment from Anonymous,2025-07-03T04:00:00Z,2025-07-03T22:31:39Z,OPM,Public Submission,False,09000064b8e50d72
OPM-2025-0007-0887,Comment from Stuart M,2025-07-03T04:00:00Z,2025-07-03T22:30:53Z,OPM,Public Submission,False,09000064b8e4e095
OPM-2025-0007-0977,Comment from Anonymous,2025-07-03T04:00:00Z,2025-07-03T22:32:04Z,OPM,Public Submission,False,09000064b8e4e3cd
OPM-2025-0007-0843,Comment from Jennifer Parshley,2025-07-03T04:00:00Z,2025-07-03T22:30:14Z,OPM,Public Submission,False,09000064b8e4e023
OPM-2025-0007-0925,Comment from Daniel C,2025-07-03T04:00:00Z,2025-07-03T22:31:23Z,OPM,Public Submission,False,09000064b8e50d41
OPM-2025-0007-1030,Comment from Joe Schmoe,2025-07-03T04:00:00Z,2025-07-03T22:32:46Z,OPM,Public Submission,False,09000064b8e51fbb
OPM-2025-0007-1011,Comment from Sean Pierce,2025-07-03T04:00:00Z,2025-07-03T22:32:30Z,OPM,Public Submission,False,09000064b8e54096
OPM-2025-0007-1015,Comment from Anonymous,2025-07-03T04:00:00Z,2025-07-03T22:32:33Z,OPM,Public Submission,False,09000064b8e540a6
OPM-2025-0007-0921,Comment from Anonymous,2025-07-03T04:00:00Z,2025-07-03T22:31:19Z,OPM,Public Submission,False,09000064b8e50d1c
OPM-2025-0007-0901,Comment from Trung Ho,2025-07-03T04:00:00Z,2025-07-03T22:31:04Z,OPM,Public Submission,False,09000064b8e4e0b5
OPM-2025-0007-0906,Comment from Anonymous,2025-07-03T04:00:00Z,2025-07-03T22:31:08Z,OPM,Public Submission,False,09000064b8e4e0c4
OPM-2025-0007-0910,Comment from Wld Wst,2025-07-03T04:00:00Z,2025-07-03T22:31:11Z,OPM,Public Submission,False,09000064b8e4e0d1
OPM-2025-0007-0912,Comment from Ezekiel Weldon,2025-07-03T04:00:00Z,2025-07-03T22:31:12Z,OPM,Public Submission,False,09000064b8e4e0d4
OPM-2025-0007-0984,Comment from Andrew Neville,2025-07-03T04:00:00Z,2025-07-03T22:32:09Z,OPM,Public Submission,False,09000064b8e4e3eb
OPM-2025-0007-0829,Comment from Anonymous,2025-07-03T04:00:00Z,2025-07-03T22:30:03Z,OPM,Public Submission,False,09000064b8e4e007
OPM-2025-0007-1009,Comment from Anonymous,2025-07-03T04:00:00Z,2025-07-03T22:32:29Z,OPM,Public Submission,False,09000064b8e54062
OPM-2025-0007-0924,Comment from Anonymous,2025-07-03T04:00:00Z,2025-07-03T22:31:22Z,OPM,Public Submission,False,09000064b8e50c33
OPM-2025-0007-1012,Comment from Spencer Allred,2025-07-03T04:00:00Z,2025-07-03T22:32:31Z,OPM,Public Submission,False,09000064b8e5409e
OPM-2025-0007-0847,Comment from Anonymous,2025-07-03T04:00:00Z,2025-07-03T22:30:18Z,OPM,Public Submission,False,09000064b8e4e02d
OPM-2025-0007-0848,Comment from Anonymous,2025-07-03T04:00:00Z,2025-07-03T22:30:18Z,OPM,Public Submission,False,09000064b8e4e02e
OPM-2025-0007-0957,Comment from Anonymous,2025-07-03T04:00:00Z,2025-07-03T22:31:48Z,OPM,Public Submission,False,09000064b8e51104
OPM-2025-0007-0857,Comment from Anonymous,2025-07-03T04:00:00Z,2025-07-03T22:30:25Z,OPM,Public Submission,False,09000064b8e4e05b
OPM-2025-0007-1000,Comment from Joanne D,2025-07-03T04:00:00Z,2025-07-03T22:32:21Z,OPM,Public Submission,False,09000064b8e53597
OPM-2025-0007-1018,Comment from Wendy Hagan,2025-07-03T04:00:00Z,2025-07-03T22:32:35Z,OPM,Public Submission,False,09000064b8e545a9
OPM-2025-0007-1271,Comment from Anonymous,2025-07-07T04:00:00Z,2025-07-08T01:18:11Z,OPM,Public Submission,False,09000064b8e4e080
OPM-2025-0007-1276,Comment from Anonymous No,2025-07-07T04:00:00Z,2025-07-08T01:23:29Z,OPM,Public Submission,False,09000064b8e50d1e
OPM-2025-0007-1277,Comment from Anonymous,2025-07-07T04:00:00Z,2025-07-08T01:25:36Z,OPM,Public Submission,False,09000064b8e50d33
OPM-2025-0007-1278,Comment from Anonymous,2025-07-07T04:00:00Z,2025-07-08T01:26:28Z,OPM,Public Submission,False,09000064b8e50d3b
OPM-2025-0007-1279,Comment from Thomas Paine,2025-07-07T04:00:00Z,2025-07-08T01:30:13Z,OPM,Public Submission,False,09000064b8e50c1b
OPM-2025-0007-1288,Comment from Alyssa Reuter,2025-07-07T04:00:00Z,2025-07-08T01:46:53Z,OPM,Public Submission,False,09000064b8e4e47b
OPM-2025-0007-1297,Comment from Anonymous,2025-07-07T04:00:00Z,2025-07-08T01:57:27Z,OPM,Public Submission,False,09000064b8e54f5a
OPM-2025-0007-1296,Comment from Laura Ann,2025-07-07T04:00:00Z,2025-07-08T01:56:48Z,OPM,Public Submission,False,09000064b8e55aaa
OPM-2025-0007-1282,Comment from National Active and Retired Federal Employees Association (NARFE),2025-07-07T04:00:00Z,2025-07-08T01:34:54Z,OPM,Public Submission,False,09000064b8e50c74
OPM-2025-0007-1305,Comment from Sandra Hoffmann,2025-07-08T04:00:00Z,2025-07-08T17:53:12Z,OPM,Public Submission,False,09000064b8e59d5d
OPM-2025-0007-1300,Comment from Anonymous,2025-07-08T04:00:00Z,2025-07-08T17:53:10Z,OPM,Public Submission,False,09000064b8e54e92
OPM-2025-0007-1303,Comment from US Constitutionalist,2025-07-08T04:00:00Z,2025-07-08T17:53:11Z,OPM,Public Submission,False,09000064b8e58e0c
OPM-2025-0007-1068,Comment from Nan Kim,2025-07-07T04:00:00Z,2025-07-07T15:39:52Z,OPM,Public Submission,False,09000064b8e55963
OPM-2025-0007-1071,Comment from Anonymous,2025-07-07T04:00:00Z,2025-07-07T15:44:38Z,OPM,Public Submission,False,09000064b8e5598f
OPM-2025-0007-1051,Comment from Doran Chan,2025-07-07T04:00:00Z,2025-07-07T14:58:16Z,OPM,Public Submission,False,09000064b8e4c72a
OPM-2025-0007-1050,Comment from Citizen Crockett,2025-07-07T04:00:00Z,2025-07-07T14:55:00Z,OPM,Public Submission,False,09000064b8e4cea3
OPM-2025-0007-1059,Comment from Anonymous,2025-07-07T04:00:00Z,2025-07-07T15:24:33Z,OPM,Public Submission,False,09000064b8e4e12b
OPM-2025-0007-1060,Comment from Professional Managers Association (PMA),2025-07-07T04:00:00Z,2025-07-07T15:25:44Z,OPM,Public Submission,False,09000064b8e4e192
OPM-2025-0007-1061,Comment from William Torcaso,2025-07-07T04:00:00Z,2025-07-07T15:27:41Z,OPM,Public Submission,False,09000064b8e4e1b3
OPM-2025-0007-1053,Comment from Senior Executives Association (SEA),2025-07-07T04:00:00Z,2025-07-07T15:07:02Z,OPM,Public Submission,False,09000064b8e4d568
OPM-2025-0007-1114,Comment from Anonymous,2025-07-07T04:00:00Z,2025-07-07T17:49:21Z,OPM,Public Submission,False,09000064b8e55db7
OPM-2025-0007-1116,Comment from Denise Fisher,2025-07-07T04:00:00Z,2025-07-07T17:52:41Z,OPM,Public Submission,False,09000064b8e561f4
OPM-2025-0007-1129,Comment from Anonymous,2025-07-07T04:00:00Z,2025-07-07T18:28:05Z,OPM,Public Submission,False,09000064b8e54a8d
OPM-2025-0007-1128,Comment from B Johnson,2025-07-07T04:00:00Z,2025-07-07T18:12:32Z,OPM,Public Submission,False,09000064b8e54fd6
OPM-2025-0007-1126,Comment from Christina  M,2025-07-07T04:00:00Z,2025-07-07T18:08:15Z,OPM,Public Submission,False,09000064b8e55afc
OPM-2025-0007-1108,Comment from Anonymous,2025-07-07T04:00:00Z,2025-07-07T17:41:49Z,OPM,Public Submission,False,09000064b8e55ec7
OPM-2025-0007-1109,Comment from Conor McGrath,2025-07-07T04:00:00Z,2025-07-07T17:43:18Z,OPM,Public Submission,False,09000064b8e565b0
OPM-2025-0007-1107,Comment from Anonymous,2025-07-07T04:00:00Z,2025-07-07T17:40:34Z,OPM,Public Submission,False,09000064b8e56910
OPM-2025-0007-1102,Comment from Anonymous,2025-07-07T04:00:00Z,2025-07-07T17:33:04Z,OPM,Public Submission,False,09000064b8e56b1b
OPM-2025-0007-1095,Comment from Robert Reichel,2025-07-07T04:00:00Z,2025-07-07T17:18:29Z,OPM,Public Submission,False,09000064b8e4dfdf
OPM-2025-0007-1096,Comment from Anonymous,2025-07-07T04:00:00Z,2025-07-07T17:19:24Z,OPM,Public Submission,False,09000064b8e4dfe0
OPM-2025-0007-1100,Comment from Anonymous,2025-07-07T04:00:00Z,2025-07-07T17:26:06Z,OPM,Public Submission,False,09000064b8e51e4f
OPM-2025-0007-1252,Comment from Anonymous,2025-07-07T04:00:00Z,2025-07-07T21:00:30Z,OPM,Public Submission,False,09000064b8e54a6b
OPM-2025-0007-1254,Comment from Anonymous,2025-07-07T04:00:00Z,2025-07-07T21:00:32Z,OPM,Public Submission,False,09000064b8e54a7b
OPM-2025-0007-1225,Comment from Anonymous,2025-07-07T04:00:00Z,2025-07-07T21:00:03Z,OPM,Public Submission,False,09000064b8e54e66
OPM-2025-0007-1227,Comment from Anonymous,2025-07-07T04:00:00Z,2025-07-07T21:00:05Z,OPM,Public Submission,False,09000064b8e54e81
OPM-2025-0007-1228,Comment from Kimberly Harrington,2025-07-07T04:00:00Z,2025-07-07T21:00:06Z,OPM,Public Submission,False,09000064b8e54e89
OPM-2025-0007-1235,Comment from Anonymous,2025-07-07T04:00:00Z,2025-07-07T21:00:13Z,OPM,Public Submission,False,09000064b8e54f13
OPM-2025-0007-1237,Comment from Wendy Janssen,2025-07-07T04:00:00Z,2025-07-07T21:00:15Z,OPM,Public Submission,False,09000064b8e54f26
OPM-2025-0007-1239,Comment from Anonymous,2025-07-07T04:00:00Z,2025-07-07T21:00:17Z,OPM,Public Submission,False,09000064b8e54f56
OPM-2025-0007-1240,Comment from Noam Stopak,2025-07-07T04:00:00Z,2025-07-07T21:00:18Z,OPM,Public Submission,False,09000064b8e54f6d
OPM-2025-0007-1230,Comment from Kendra Barlow-Johnson,2025-07-07T04:00:00Z,2025-07-07T21:00:09Z,OPM,Public Submission,False,09000064b8e54ea6
OPM-2025-0007-1139,Comment from Anonymous Anonymous,2025-07-07T04:00:00Z,2025-07-07T20:58:37Z,OPM,Public Submission,False,09000064b8e50d2c
OPM-2025-0007-1148,Comment from Kathleen Hayes,2025-07-07T04:00:00Z,2025-07-07T20:58:46Z,OPM,Public Submission,False,09000064b8e50d3c
OPM-2025-0007-1135,Comment from Anonymous,2025-07-07T04:00:00Z,2025-07-07T20:58:32Z,OPM,Public Submission,False,09000064b8e4dfe6
OPM-2025-0007-1170,Comment from P Foote,2025-07-07T04:00:00Z,2025-07-07T20:59:08Z,OPM,Public Submission,False,09000064b8e5466c
OPM-2025-0007-1173,Comment from Daniel  Rowan,2025-07-07T04:00:00Z,2025-07-07T20:59:11Z,OPM,Public Submission,False,09000064b8e546ec
OPM-2025-0007-1184,Comment from Sean Brady,2025-07-07T04:00:00Z,2025-07-07T20:59:22Z,OPM,Public Submission,False,09000064b8e54dba
OPM-2025-0007-1189,Comment from Anonymous,2025-07-07T04:00:00Z,2025-07-07T20:59:27Z,OPM,Public Submission,False,09000064b8e55108
OPM-2025-0007-1215,Comment from Anonymous,2025-07-07T04:00:00Z,2025-07-07T20:59:53Z,OPM,Public Submission,False,09000064b8e559f0
OPM-2025-0007-1217,Comment from Drew Cho,2025-07-07T04:00:00Z,2025-07-07T20:59:55Z,OPM,Public Submission,False,09000064b8e55a45
OPM-2025-0007-1210,Comment from R T,2025-07-07T04:00:00Z,2025-07-07T20:59:48Z,OPM,Public Submission,False,09000064b8e5591f
OPM-2025-0007-1214,Comment from Anonymous,2025-07-07T04:00:00Z,2025-07-07T20:59:52Z,OPM,Public Submission,False,09000064b8e559df
OPM-2025-0007-1216,Comment from Anonymous,2025-07-07T04:00:00Z,2025-07-07T20:59:54Z,OPM,Public Submission,False,09000064b8e55a05
OPM-2025-0007-1162,Comment from Ryan Felt,2025-07-07T04:00:00Z,2025-07-07T20:59:00Z,OPM,Public Submission,False,09000064b8e50c1e
OPM-2025-0007-1168,Comment from Anonymous,2025-07-07T04:00:00Z,2025-07-07T20:59:06Z,OPM,Public Submission,False,09000064b8e50c2b
OPM-2025-0007-1143,Comment from Anonymous,2025-07-07T04:00:00Z,2025-07-07T20:58:40Z,OPM,Public Submission,False,09000064b8e50d36
OPM-2025-0007-1144,Comment from Anonymous,2025-07-07T04:00:00Z,2025-07-07T20:58:42Z,OPM,Public Submission,False,09000064b8e50d37
OPM-2025-0007-1180,Comment from Anonymous,2025-07-07T04:00:00Z,2025-07-07T20:59:18Z,OPM,Public Submission,False,09000064b8e51e98
OPM-2025-0007-1197,Comment from Anonymous,2025-07-07T04:00:00Z,2025-07-07T20:59:35Z,OPM,Public Submission,False,09000064b8e52776
OPM-2025-0007-1198,Comment from Anonymous,2025-07-07T04:00:00Z,2025-07-07T20:59:36Z,OPM,Public Submission,False,09000064b8e5277a
OPM-2025-0007-1199,Comment from Anonymous,2025-07-07T04:00:00Z,2025-07-07T20:59:37Z,OPM,Public Submission,False,09000064b8e52780
OPM-2025-0007-1186,Comment from Anonymous,2025-07-07T04:00:00Z,2025-07-07T20:59:24Z,OPM,Public Submission,False,09000064b8e54463
OPM-2025-0007-1172,Comment from S Carter,2025-07-07T04:00:00Z,2025-07-07T20:59:10Z,OPM,Public Submission,False,09000064b8e546bb
OPM-2025-0007-1190,Comment from Anonymous Federal Worker,2025-07-07T04:00:00Z,2025-07-07T20:59:28Z,OPM,Public Submission,False,09000064b8e551bd
OPM-2025-0007-1163,Comment from Anonymous,2025-07-07T04:00:00Z,2025-07-07T20:59:01Z,OPM,Public Submission,False,09000064b8e50c1f
OPM-2025-0007-1166,Comment from Kyle Tawney,2025-07-07T04:00:00Z,2025-07-07T20:59:04Z,OPM,Public Submission,False,09000064b8e50c23
OPM-2025-0007-1156,Comment from Anonymous,2025-07-07T04:00:00Z,2025-07-07T20:58:54Z,OPM,Public Submission,False,09000064b8e50bf7
OPM-2025-0007-1385,Comment from Anonymous,2025-07-18T04:00:00Z,2025-07-18T20:40:50Z,OPM,Public Submission,False,09000064b8e83ab4
OPM-2025-0007-1392,"Comment from Democracy Forward, Protect Democracy, and a coalition of organizations.",2025-07-18T04:00:00Z,2025-07-19T00:39:04Z,OPM,Public Submission,False,09000064b8e83ba1
OPM-2025-0007-1391,Comment from Anonymous,2025-07-18T04:00:00Z,2025-07-19T00:38:52Z,OPM,Public Submission,False,09000064b8e852cf
OPM-2025-0007-1403,Comment from Emily Susko,2025-07-21T04:00:00Z,2025-07-21T14:40:19Z,OPM,Public Submission,False,09000064b8e864c7
OPM-2025-0007-1395,Comment from R E,2025-07-21T04:00:00Z,2025-07-21T14:32:36Z,OPM,Public Submission,False,09000064b8e8651c
OPM-2025-0007-1396,Comment from Anonymous,2025-07-21T04:00:00Z,2025-07-21T14:34:25Z,OPM,Public Submission,False,09000064b8e86543
OPM-2025-0007-1400,Comment from Anonymous,2025-07-21T04:00:00Z,2025-07-21T14:37:37Z,OPM,Public Submission,False,09000064b8e8667e
OPM-2025-0007-1401,Comment from Anonymous,2025-07-21T04:00:00Z,2025-07-21T14:39:03Z,OPM,Public Submission,False,09000064b8e8680a
OPM-2025-0007-1397,Comment from Johnny  Ample,2025-07-21T04:00:00Z,2025-07-21T14:35:38Z,OPM,Public Submission,False,09000064b8e865c3
OPM-2025-0007-1406,Comment from RISE Stronger,2025-07-21T04:00:00Z,2025-07-21T14:42:55Z,OPM,Public Submission,False,09000064b8e86fd3
OPM-2025-0007-1354,Comment from Y H,2025-07-16T04:00:00Z,2025-07-16T14:44:29Z,OPM,Public Submission,False,09000064b8e7a0a3
OPM-2025-0007-1360,Comment from Anonymous,2025-07-17T04:00:00Z,2025-07-17T15:54:54Z,OPM,Public Submission,False,09000064b8e8076e
OPM-2025-0007-1365,Comment from Anonymous,2025-07-17T04:00:00Z,2025-07-17T22:40:39Z,OPM,Public Submission,False,09000064b8e80f98
OPM-2025-0007-1361,Comment from Anonymous,2025-07-17T04:00:00Z,2025-07-17T18:02:11Z,OPM,Public Submission,False,09000064b8e80943
OPM-2025-0007-1362,Comment from David Umberg,2025-07-17T04:00:00Z,2025-07-17T18:02:35Z,OPM,Public Submission,False,09000064b8e809f4
OPM-2025-0007-1379,Comment from Anonymous,2025-07-18T04:00:00Z,2025-07-18T15:08:27Z,OPM,Public Submission,False,09000064b8e82d6b
OPM-2025-0007-1373,"Comment from American Federation of Government Employees, et al.",2025-07-18T04:00:00Z,2025-07-18T15:00:55Z,OPM,Public Submission,False,09000064b8e824c7
OPM-2025-0007-1368,Comment from Sallyann King,2025-07-17T04:00:00Z,2025-07-18T03:52:33Z,OPM,Public Submission,False,09000064b8e82255
OPM-2025-0007-1371,Comment from Desiree Pointer,2025-07-17T04:00:00Z,2025-07-18T03:52:33Z,OPM,Public Submission,False,09000064b8e823dc
OPM-2025-0007-1381,Comment from Anonymous,2025-07-18T04:00:00Z,2025-07-18T18:40:41Z,OPM,Public Submission,False,09000064b8e83939
OPM-2025-0007-1386,Comment from Anonymous,2025-07-18T04:00:00Z,2025-07-18T22:49:54Z,OPM,Public Submission,False,09000064b8e830a6
OPM-2025-0007-1389,Comment from Anonymous,2025-07-18T04:00:00Z,2025-07-18T22:49:55Z,OPM,Public Submission,False,09000064b8e84be1
OPM-2025-0007-1390,Comment from Anonymous Anonymous,2025-07-18T04:00:00Z,2025-07-18T22:49:55Z,OPM,Public Submission,False,09000064b8e84c94
OPM-2025-0007-1257,Comment from Anonymous,2025-07-07T04:00:00Z,2025-07-07T23:20:29Z,OPM,Public Submission,False,09000064b8e4df72
OPM-2025-0007-1258,Comment from Anonymous,2025-07-07T04:00:00Z,2025-07-07T23:21:26Z,OPM,Public Submission,False,09000064b8e4df7f
OPM-2025-0007-1262,Comment from Andrew Gendreau,2025-07-07T04:00:00Z,2025-07-07T23:25:52Z,OPM,Public Submission,False,09000064b8e4dfb3
OPM-2025-0007-1320,Comment from Anonymous,2025-07-10T04:00:00Z,2025-07-10T17:28:30Z,OPM,Public Submission,False,09000064b8e5597d
OPM-2025-0007-1321,Comment from Anonymous,2025-07-10T04:00:00Z,2025-07-10T17:29:34Z,OPM,Public Submission,False,09000064b8e559b1
OPM-2025-0007-1317,Comment from Anonymous,2025-07-10T04:00:00Z,2025-07-10T16:06:22Z,OPM,Public Submission,False,09000064b8e5fe3b
OPM-2025-0007-1316,Comment from Michael Stock,2025-07-10T04:00:00Z,2025-07-10T15:55:22Z,OPM,Public Submission,False,09000064b8e5f260
OPM-2025-0007-1327,Comment from P. DL Cuadra,2025-07-10T04:00:00Z,2025-07-10T20:21:56Z,OPM,Public Submission,False,09000064b8e5e40c
OPM-2025-0007-1351,Comment from Anonymous,2025-07-14T04:00:00Z,2025-07-14T20:30:05Z,OPM,Public Submission,False,09000064b8e71ebc
OPM-2025-0007-1353,Comment from Carla Komich,2025-07-15T04:00:00Z,2025-07-15T14:43:39Z,OPM,Public Submission,False,09000064b8e745f5
OPM-2025-0007-1312,Comment from Laurie Talcott,2025-07-09T04:00:00Z,2025-07-09T19:38:20Z,OPM,Public Submission,False,09000064b8e5eeb9
OPM-2025-0007-1323,Comment from Anonymous,2025-07-10T04:00:00Z,2025-07-10T19:27:17Z,OPM,Public Submission,False,09000064b8e559c2
OPM-2025-0007-1329,Comment from Anonymous,2025-07-11T04:00:00Z,2025-07-11T20:43:40Z,OPM,Public Submission,False,09000064b8e637c9
OPM-2025-0007-1331,Comment from Kay Mays,2025-07-11T04:00:00Z,2025-07-11T22:35:30Z,OPM,Public Submission,False,09000064b8e675ca
OPM-2025-0007-1342,Comment from Anonymous,2025-07-14T04:00:00Z,2025-07-14T15:36:43Z,OPM,Public Submission,False,09000064b8e6cec5
OPM-2025-0007-1335,Comment from Anonymous,2025-07-14T04:00:00Z,2025-07-14T15:31:42Z,OPM,Public Submission,False,09000064b8e6d937
OPM-2025-0007-1345,Comment from Ashley Buran,2025-07-14T04:00:00Z,2025-07-14T15:40:14Z,OPM,Public Submission,False,09000064b8e6decf
OPM-2025-0007-1344,Comment from Anonymous,2025-07-14T04:00:00Z,2025-07-14T15:39:02Z,OPM,Public Submission,False,09000064b8e6de9a
OPM-2025-0007-1332,"Comment from The Wildlife Society, Inc.",2025-07-14T04:00:00Z,2025-07-14T14:21:25Z,OPM,Public Submission,False,09000064b8e693c9
OPM-2025-0007-1347,Comment from J J,2025-07-14T04:00:00Z,2025-07-14T16:08:49Z,OPM,Public Submission,False,09000064b8e6c2df
OPM-2025-0007-1348,Comment from Beth Lumsden,2025-07-14T04:00:00Z,2025-07-14T16:08:50Z,OPM,Public Submission,False,09000064b8e6cb46
OPM-2025-0007-1410,Comment from DHS Office of Chief Security Officer,2026-06-12T04:00:00Z,2026-06-12T23:05:39Z,OPM,Public Submission,False,09000064b932a257
OPM-2025-0007-0009,Comment from Ronald Sanders,2025-06-04T04:00:00Z,2025-06-04T21:19:51Z,OPM,Public Submission,False,09000064b8dd85ae
OPM-2025-0007-0030,Comment from USA,2025-06-06T04:00:00Z,2025-06-06T22:13:30Z,OPM,Public Submission,False,09000064b8ddd705
OPM-2025-0007-0027,Comment from Anonymous,2025-06-06T04:00:00Z,2025-06-06T22:01:16Z,OPM,Public Submission,False,09000064b8ddd907
OPM-2025-0007-0055,Comment from Anthony Foster,2025-06-10T04:00:00Z,2025-06-10T18:14:36Z,OPM,Public Submission,False,09000064b8ded396
OPM-2025-0007-0042,Comment from J McDermott,2025-06-09T04:00:00Z,2025-06-09T15:48:19Z,OPM,Public Submission,False,09000064b8de279f
OPM-2025-0007-0040,Comment from Anonymous,2025-06-09T04:00:00Z,2025-06-09T15:48:18Z,OPM,Public Submission,False,09000064b8de2f9b
OPM-2025-0007-0045,Comment from Anonymous,2025-06-09T04:00:00Z,2025-06-09T15:48:19Z,OPM,Public Submission,False,09000064b8de3be0
OPM-2025-0007-0043,Comment from N M,2025-06-09T04:00:00Z,2025-06-09T15:48:19Z,OPM,Public Submission,False,09000064b8de3f86
OPM-2025-0007-0044,Comment from Anonymous,2025-06-09T04:00:00Z,2025-06-09T15:48:19Z,OPM,Public Submission,False,09000064b8de3fad
OPM-2025-0007-0061,Comment from Anonymous  citizen Who afraid sharing name,2025-06-11T04:00:00Z,2025-06-11T17:15:41Z,OPM,Public Submission,False,09000064b8df5716
OPM-2025-0007-0052,Comment from Jaime Hurley,2025-06-10T04:00:00Z,2025-06-10T15:29:37Z,OPM,Public Submission,False,09000064b8debb25
OPM-2025-0007-0053,Comment from Douglas  Allen,2025-06-10T04:00:00Z,2025-06-10T15:31:33Z,OPM,Public Submission,False,09000064b8de6b55
OPM-2025-0007-0091,Comment from Heath Hancock,2025-06-12T04:00:00Z,2025-06-12T21:14:44Z,OPM,Public Submission,False,09000064b8e00ff7
OPM-2025-0007-0085,Comment from Miriam  Virto,2025-06-12T04:00:00Z,2025-06-12T21:07:46Z,OPM,Public Submission,False,09000064b8e00e2a
OPM-2025-0007-0105,Comment from David Gurzynski,2025-06-12T04:00:00Z,2025-06-12T21:37:23Z,OPM,Public Submission,False,09000064b8e0122c
OPM-2025-0007-0107,Comment from Ann Connor,2025-06-12T04:00:00Z,2025-06-12T21:39:14Z,OPM,Public Submission,False,09000064b8e0123f
OPM-2025-0007-0109,Comment from Anonymous,2025-06-12T04:00:00Z,2025-06-12T21:40:38Z,OPM,Public Submission,False,09000064b8e01257
OPM-2025-0007-0096,Comment from Leticia Espinoza-Delaat,2025-06-12T04:00:00Z,2025-06-12T21:19:22Z,OPM,Public Submission,False,09000064b8e0117c
OPM-2025-0007-0102,Comment from Anonymous,2025-06-12T04:00:00Z,2025-06-12T21:25:22Z,OPM,Public Submission,False,09000064b8e01207
OPM-2025-0007-0330,Comment from Anonymous,2025-06-17T04:00:00Z,2025-06-17T17:24:15Z,OPM,Public Submission,False,09000064b8e159ed
OPM-2025-0007-0325,Comment from Anonymous,2025-06-17T04:00:00Z,2025-06-17T17:24:14Z,OPM,Public Submission,False,09000064b8e14e1f
OPM-2025-0007-0328,Comment from Anonymous,2025-06-17T04:00:00Z,2025-06-17T17:24:14Z,OPM,Public Submission,False,09000064b8e150e9
OPM-2025-0007-0323,Comment from Megan Taylor,2025-06-17T04:00:00Z,2025-06-17T17:24:13Z,OPM,Public Submission,False,09000064b8e15829
OPM-2025-0007-0329,Comment from Katherine Lacy,2025-06-17T04:00:00Z,2025-06-17T17:24:15Z,OPM,Public Submission,False,09000064b8e159d9
OPM-2025-0007-0316,Comment from Concerned Citizen,2025-06-16T04:00:00Z,2025-06-17T01:24:37Z,OPM,Public Submission,False,09000064b8e0ec28
OPM-2025-0007-0319,Comment from Anonymous,2025-06-16T04:00:00Z,2025-06-17T01:28:10Z,OPM,Public Submission,False,09000064b8e116f7
OPM-2025-0007-0336,Comment from Anonymous,2025-06-18T04:00:00Z,2025-06-18T14:54:13Z,OPM,Public Submission,False,09000064b8e16ba2
OPM-2025-0007-0334,Comment from Anonymous,2025-06-18T04:00:00Z,2025-06-18T14:51:26Z,OPM,Public Submission,False,09000064b8e1761a
OPM-2025-0007-0335,Comment from Michael Allen,2025-06-18T04:00:00Z,2025-06-18T14:52:35Z,OPM,Public Submission,False,09000064b8e17621
OPM-2025-0007-0337,Comment from Anonymous,2025-06-18T04:00:00Z,2025-06-18T14:59:05Z,OPM,Public Submission,False,09000064b8e177ae
OPM-2025-0007-0397,Comment from Tyrone Aiken,2025-06-23T04:00:00Z,2025-06-23T20:52:57Z,OPM,Public Submission,False,09000064b8e24bb7
OPM-2025-0007-0418,Comment from Anonymous,2025-06-25T04:00:00Z,2025-06-25T15:24:19Z,OPM,Public Submission,False,09000064b8e2e19e
OPM-2025-0007-0453,Comment from Anonymous,2025-06-26T04:00:00Z,2025-06-26T23:09:32Z,OPM,Public Submission,False,09000064b8e34ec7
OPM-2025-0007-0534,Comment from Carol Lubkowski,2025-06-30T04:00:00Z,2025-06-30T19:17:43Z,OPM,Public Submission,False,09000064b8e46a86
OPM-2025-0007-0535,Comment from Ian Hancock,2025-06-30T04:00:00Z,2025-06-30T19:17:43Z,OPM,Public Submission,False,09000064b8e46ace
OPM-2025-0007-0539,Comment from Loreen Targos,2025-06-30T04:00:00Z,2025-06-30T19:17:46Z,OPM,Public Submission,False,09000064b8e4739d
OPM-2025-0007-0499,Comment from Anonymous,2025-06-30T04:00:00Z,2025-06-30T18:17:08Z,OPM,Public Submission,False,09000064b8e42011
OPM-2025-0007-0502,Comment from Anonymous,2025-06-30T04:00:00Z,2025-06-30T18:17:10Z,OPM,Public Submission,False,09000064b8e43878
OPM-2025-0007-0504,Comment from Rebecca Davis,2025-06-30T04:00:00Z,2025-06-30T18:17:11Z,OPM,Public Submission,False,09000064b8e43f90
OPM-2025-0007-0505,Comment from Eugene Debs,2025-06-30T04:00:00Z,2025-06-30T18:17:12Z,OPM,Public Submission,False,09000064b8e44007
OPM-2025-0007-0506,Comment from Anna Puchkoff,2025-06-30T04:00:00Z,2025-06-30T18:17:13Z,OPM,Public Submission,False,09000064b8e44955
OPM-2025-0007-0530,Comment from Janet Aceti,2025-06-30T04:00:00Z,2025-06-30T18:58:26Z,OPM,Public Submission,False,09000064b8e45cb0
OPM-2025-0007-0511,Comment from Anonymous,2025-06-30T04:00:00Z,2025-06-30T18:35:47Z,OPM,Public Submission,False,09000064b8e43b97
OPM-2025-0007-0513,Comment from C Kirby,2025-06-30T04:00:00Z,2025-06-30T18:35:49Z,OPM,Public Submission,False,09000064b8e43bbe
OPM-2025-0007-0517,Comment from Anonymous,2025-06-30T04:00:00Z,2025-06-30T18:35:52Z,OPM,Public Submission,False,09000064b8e446ae
OPM-2025-0007-0529,Comment from Anonymous,2025-06-30T04:00:00Z,2025-06-30T18:58:25Z,OPM,Public Submission,False,09000064b8e456bb
OPM-2025-0007-0358,Comment from Linda Baker,2025-06-23T04:00:00Z,2025-06-23T16:05:43Z,OPM,Public Submission,False,09000064b8e1fe32
OPM-2025-0007-0361,Comment from E S,2025-06-23T04:00:00Z,2025-06-23T16:05:45Z,OPM,Public Submission,False,09000064b8e2008c
OPM-2025-0007-0360,Comment from Anonymous,2025-06-23T04:00:00Z,2025-06-23T16:05:44Z,OPM,Public Submission,False,09000064b8e1fee4
OPM-2025-0007-0424,Comment from Brenna Layne,2025-06-25T04:00:00Z,2025-06-25T17:15:37Z,OPM,Public Submission,False,09000064b8e2e83c
OPM-2025-0007-0425,Comment from Christina Seeborg,2025-06-25T04:00:00Z,2025-06-25T17:18:20Z,OPM,Public Submission,False,09000064b8e2fb2f
OPM-2025-0007-0427,Comment from Gail Schwartz,2025-06-25T04:00:00Z,2025-06-25T17:20:59Z,OPM,Public Submission,False,09000064b8e30122
OPM-2025-0007-0428,Comment from Anonymous,2025-06-25T04:00:00Z,2025-06-25T17:24:19Z,OPM,Public Submission,False,09000064b8e30129
OPM-2025-0007-0543,Comment from Anonymous,2025-06-30T04:00:00Z,2025-06-30T20:00:55Z,OPM,Public Submission,False,09000064b8e47474
OPM-2025-0007-0547,Comment from Anonymous,2025-06-30T04:00:00Z,2025-06-30T20:00:58Z,OPM,Public Submission,False,09000064b8e492e0
OPM-2025-0007-0544,Comment from Anonymous,2025-06-30T04:00:00Z,2025-06-30T20:00:56Z,OPM,Public Submission,False,09000064b8e4914c
OPM-2025-0007-0554,Comment from Anonymous,2025-06-30T04:00:00Z,2025-06-30T22:19:32Z,OPM,Public Submission,False,09000064b8e49d60
OPM-2025-0007-0552,Comment from Anonymous,2025-06-30T04:00:00Z,2025-06-30T22:19:31Z,OPM,Public Submission,False,09000064b8e49ccd
OPM-2025-0007-0553,Comment from Anonymous,2025-06-30T04:00:00Z,2025-06-30T22:19:32Z,OPM,Public Submission,False,09000064b8e49ceb
OPM-2025-0007-0556,Comment from Anonymous,2025-06-30T04:00:00Z,2025-06-30T22:19:34Z,OPM,Public Submission,False,09000064b8e49e6b
OPM-2025-0007-0111,Comment from Anonymous,2025-06-12T04:00:00Z,2025-06-12T21:47:51Z,OPM,Public Submission,False,09000064b8e01263
OPM-2025-0007-0117,Comment from Anonymous,2025-06-12T04:00:00Z,2025-06-12T21:54:42Z,OPM,Public Submission,False,09000064b8e012a0
OPM-2025-0007-0119,Comment from Natalie Pedersen,2025-06-12T04:00:00Z,2025-06-12T21:56:58Z,OPM,Public Submission,False,09000064b8e012cd
OPM-2025-0007-0006,Comment from Anonymous,2025-06-04T04:00:00Z,2025-06-04T18:30:34Z,OPM,Public Submission,False,09000064b8dd6940
OPM-2025-0007-0004,Comment from VHA,2025-06-04T04:00:00Z,2025-06-04T18:30:34Z,OPM,Public Submission,False,09000064b8dd5755
OPM-2025-0007-0014,Comment from Anonymous,2025-06-05T04:00:00Z,2025-06-05T18:05:21Z,OPM,Public Submission,False,09000064b8dd7630
OPM-2025-0007-0015,Comment from Anonymous,2025-06-05T04:00:00Z,2025-06-05T18:05:21Z,OPM,Public Submission,False,09000064b8dd91ea
OPM-2025-0007-0020,Comment from Anonymous,2025-06-05T04:00:00Z,2025-06-05T18:05:24Z,OPM,Public Submission,False,09000064b8dd969e
OPM-2025-0007-0010,Comment from Anonymous,2025-06-05T04:00:00Z,2025-06-05T17:55:32Z,OPM,Public Submission,False,09000064b8dd9a6e
OPM-2025-0007-0017,Comment from Anonymous,2025-06-05T04:00:00Z,2025-06-05T18:05:22Z,OPM,Public Submission,False,09000064b8dd91fc
OPM-2025-0007-0016,Comment from Russell Weisfield,2025-06-05T04:00:00Z,2025-06-05T18:05:22Z,OPM,Public Submission,False,09000064b8dd91ef
OPM-2025-0007-0057,Comment from George Haas,2025-06-11T04:00:00Z,2025-06-11T17:02:34Z,OPM,Public Submission,False,09000064b8df4af9
OPM-2025-0007-0067,Comment from Anonymous,2025-06-12T04:00:00Z,2025-06-12T14:46:52Z,OPM,Public Submission,False,09000064b8df537c
OPM-2025-0007-0068,Comment from Anonymous,2025-06-12T04:00:00Z,2025-06-12T14:47:54Z,OPM,Public Submission,False,09000064b8df69b5
OPM-2025-0007-0069,Comment from Anonymous,2025-06-12T04:00:00Z,2025-06-12T14:48:16Z,OPM,Public Submission,False,09000064b8df6e1a
OPM-2025-0007-0071,Comment from Anonymous,2025-06-12T04:00:00Z,2025-06-12T14:50:11Z,OPM,Public Submission,False,09000064b8dfce67
OPM-2025-0007-0078,Comment from Anonymous,2025-06-12T04:00:00Z,2025-06-12T20:45:06Z,OPM,Public Submission,False,09000064b8dffc8d
OPM-2025-0007-0080,Comment from Britt Smith,2025-06-12T04:00:00Z,2025-06-12T20:46:18Z,OPM,Public Submission,False,09000064b8dffcb3
OPM-2025-0007-0084,Comment from Anonymous,2025-06-12T04:00:00Z,2025-06-12T20:59:46Z,OPM,Public Submission,False,09000064b8e00e1b
OPM-2025-0007-0093,Comment from Anonymous,2025-06-12T04:00:00Z,2025-06-12T21:16:30Z,OPM,Public Submission,False,09000064b8e010af
OPM-2025-0007-0098,Comment from Anonymous,2025-06-12T04:00:00Z,2025-06-12T21:20:46Z,OPM,Public Submission,False,09000064b8e011e2
OPM-2025-0007-0103,Comment from Donna Trader,2025-06-12T04:00:00Z,2025-06-12T21:26:52Z,OPM,Public Submission,False,09000064b8e01225
OPM-2025-0007-0092,Comment from John Harwell,2025-06-12T04:00:00Z,2025-06-12T21:16:05Z,OPM,Public Submission,False,09000064b8e01034
OPM-2025-0007-0097,Comment from Justin  Ackley,2025-06-12T04:00:00Z,2025-06-12T21:19:58Z,OPM,Public Submission,False,09000064b8e011d6
OPM-2025-0007-0256,Comment from Susan Plawsky,2025-06-13T04:00:00Z,2025-06-13T18:52:48Z,OPM,Public Submission,False,09000064b8e03c53
OPM-2025-0007-0272,Comment from RA  White,2025-06-13T04:00:00Z,2025-06-14T00:52:58Z,OPM,Public Submission,False,09000064b8e0bdd6
OPM-2025-0007-0273,Comment from Anonymous,2025-06-13T04:00:00Z,2025-06-14T00:52:58Z,OPM,Public Submission,False,09000064b8e0bea0
OPM-2025-0007-0276,Comment from David Woo,2025-06-13T04:00:00Z,2025-06-14T00:52:59Z,OPM,Public Submission,False,09000064b8e0bf6c
OPM-2025-0007-0154,Comment from cs g,2025-06-12T04:00:00Z,2025-06-12T23:49:08Z,OPM,Public Submission,False,09000064b8e0171b
OPM-2025-0007-0149,Comment from Edward Kane,2025-06-12T04:00:00Z,2025-06-12T23:37:14Z,OPM,Public Submission,False,09000064b8e01fd5
OPM-2025-0007-0259,Comment from Anonymous,2025-06-13T04:00:00Z,2025-06-13T23:36:41Z,OPM,Public Submission,False,09000064b8e0b8f8
OPM-2025-0007-0261,Comment from Thomas Leete,2025-06-13T04:00:00Z,2025-06-14T00:23:05Z,OPM,Public Submission,False,09000064b8e04be7
OPM-2025-0007-0262,Comment from Megan Watson,2025-06-13T04:00:00Z,2025-06-14T00:23:27Z,OPM,Public Submission,False,09000064b8e04c0c
OPM-2025-0007-0264,Comment from Anonymous,2025-06-13T04:00:00Z,2025-06-14T00:24:15Z,OPM,Public Submission,False,09000064b8e057a4
OPM-2025-0007-0265,Comment from Carissa Gudenkauf,2025-06-13T04:00:00Z,2025-06-14T00:24:32Z,OPM,Public Submission,False,09000064b8e06bed
OPM-2025-0007-0132,Comment from Angie Hoyt,2025-06-12T04:00:00Z,2025-06-12T23:21:44Z,OPM,Public Submission,False,09000064b8e01ad2
OPM-2025-0007-0136,Comment from Joanne Lynch,2025-06-12T04:00:00Z,2025-06-12T23:23:53Z,OPM,Public Submission,False,09000064b8e01c5c
OPM-2025-0007-0129,Comment from Anonymous,2025-06-12T04:00:00Z,2025-06-12T23:19:58Z,OPM,Public Submission,False,09000064b8e019b3
OPM-2025-0007-0167,Comment from Ronald G Kalb,2025-06-12T04:00:00Z,2025-06-13T00:13:08Z,OPM,Public Submission,False,09000064b8e017b9
OPM-2025-0007-0155,Comment from Anonymous,2025-06-12T04:00:00Z,2025-06-13T00:01:21Z,OPM,Public Submission,False,09000064b8df6ae4
OPM-2025-0007-0164,Comment from Ashley Taylor,2025-06-12T04:00:00Z,2025-06-13T00:10:18Z,OPM,Public Submission,False,09000064b8e00eb3
OPM-2025-0007-0166,Comment from Anonymous,2025-06-12T04:00:00Z,2025-06-13T00:12:28Z,OPM,Public Submission,False,09000064b8e01745
OPM-2025-0007-0180,Comment from Vanessa Enriquez-Rios,2025-06-12T04:00:00Z,2025-06-13T00:30:26Z,OPM,Public Submission,False,09000064b8e00b02
OPM-2025-0007-0168,Comment from Anonymous,2025-06-12T04:00:00Z,2025-06-13T00:15:51Z,OPM,Public Submission,False,09000064b8e0181f
OPM-2025-0007-0171,Comment from Teresa  Tidd,2025-06-12T04:00:00Z,2025-06-13T00:18:30Z,OPM,Public Submission,False,09000064b8e021e3
OPM-2025-0007-0172,Comment from Molly Gaines,2025-06-12T04:00:00Z,2025-06-13T00:20:05Z,OPM,Public Submission,False,09000064b8e0234d
OPM-2025-0007-0175,Comment from Anonymous,2025-06-12T04:00:00Z,2025-06-13T00:22:42Z,OPM,Public Submission,False,09000064b8e023ed
OPM-2025-0007-0184,Comment from Laura Scarcella-Lambert,2025-06-12T04:00:00Z,2025-06-13T05:11:19Z,OPM,Public Submission,False,09000064b8e01114
OPM-2025-0007-0185,Comment from Anonymous,2025-06-12T04:00:00Z,2025-06-13T05:12:18Z,OPM,Public Submission,False,09000064b8e013e4
OPM-2025-0007-0187,Comment from Anonymous,2025-06-12T04:00:00Z,2025-06-13T05:24:00Z,OPM,Public Submission,False,09000064b8e01bed
OPM-2025-0007-0199,Comment from Anonymous,2025-06-12T04:00:00Z,2025-06-13T05:40:46Z,OPM,Public Submission,False,09000064b8e00cc8
OPM-2025-0007-0202,Comment from Clint  Oliver,2025-06-12T04:00:00Z,2025-06-13T05:43:50Z,OPM,Public Submission,False,09000064b8e02ca8
OPM-2025-0007-0204,Comment from Sharon Robinson,2025-06-13T04:00:00Z,2025-06-13T14:51:18Z,OPM,Public Submission,False,09000064b8e03e40
OPM-2025-0007-0206,Comment from Anonymous,2025-06-13T04:00:00Z,2025-06-13T15:02:49Z,OPM,Public Submission,False,09000064b8e03fc6
OPM-2025-0007-0205,Comment from Anonymous,2025-06-13T04:00:00Z,2025-06-13T14:54:14Z,OPM,Public Submission,False,09000064b8e03ea0
OPM-2025-0007-0207,Comment from K P,2025-06-13T04:00:00Z,2025-06-13T15:23:04Z,OPM,Public Submission,False,09000064b8e0499f
OPM-2025-0007-0226,Comment from Anonymous,2025-06-13T04:00:00Z,2025-06-13T16:48:04Z,OPM,Public Submission,False,09000064b8dfdc13
OPM-2025-0007-0211,Comment from Erica Meier,2025-06-13T04:00:00Z,2025-06-13T16:47:58Z,OPM,Public Submission,False,09000064b8e029f1
OPM-2025-0007-0222,Comment from Kay Patel,2025-06-13T04:00:00Z,2025-06-13T16:48:02Z,OPM,Public Submission,False,09000064b8e02cec
OPM-2025-0007-0233,Comment from Patrick Neale,2025-06-13T04:00:00Z,2025-06-13T16:48:06Z,OPM,Public Submission,False,09000064b8e03f39
OPM-2025-0007-0223,Comment from Candace P,2025-06-13T04:00:00Z,2025-06-13T16:48:03Z,OPM,Public Submission,False,09000064b8dfdbad
OPM-2025-0007-0214,Comment from Anonymous,2025-06-13T04:00:00Z,2025-06-13T16:47:59Z,OPM,Public Submission,False,09000064b8e02a10
OPM-2025-0007-0250,Comment from Anonymous,2025-06-13T04:00:00Z,2025-06-13T16:48:13Z,OPM,Public Submission,False,09000064b8e04071
OPM-2025-0007-0227,Comment from Anonymous,2025-06-13T04:00:00Z,2025-06-13T16:48:04Z,OPM,Public Submission,False,09000064b8e0453a
OPM-2025-0007-0281,Comment from Darcia Narvaez,2025-06-16T04:00:00Z,2025-06-16T14:36:06Z,OPM,Public Submission,False,09000064b8e0f4f7
OPM-2025-0007-0287,Comment from Susan Meiers,2025-06-16T04:00:00Z,2025-06-16T14:59:36Z,OPM,Public Submission,False,09000064b8e0eea3
OPM-2025-0007-0282,Comment from Barbara Sespico,2025-06-16T04:00:00Z,2025-06-16T14:45:57Z,OPM,Public Submission,False,09000064b8e0f535
OPM-2025-0007-0288,Comment from Anonymous  Anonymous,2025-06-16T04:00:00Z,2025-06-16T15:02:38Z,OPM,Public Submission,False,09000064b8e0f6c4
OPM-2025-0007-0289,Comment from Anonymous,2025-06-16T04:00:00Z,2025-06-16T15:07:08Z,OPM,Public Submission,False,09000064b8e0f6d7
OPM-2025-0007-0292,Comment from E J,2025-06-16T04:00:00Z,2025-06-16T15:12:25Z,OPM,Public Submission,False,09000064b8e0ffcd
OPM-2025-0007-0305,Comment from Anonymous,2025-06-16T04:00:00Z,2025-06-16T15:49:11Z,OPM,Public Submission,False,09000064b8e11680
OPM-2025-0007-0300,Comment from Patty Manula,2025-06-16T04:00:00Z,2025-06-16T15:40:38Z,OPM,Public Submission,False,09000064b8e1218d
OPM-2025-0007-0306,Comment from Christopher Rinderspacher,2025-06-16T04:00:00Z,2025-06-16T16:14:38Z,OPM,Public Submission,False,09000064b8e11197
OPM-2025-0007-0309,Comment from Barbara  Hansen,2025-06-16T04:00:00Z,2025-06-16T18:24:50Z,OPM,Public Submission,False,09000064b8e12773
OPM-2025-0007-0311,Comment from Anonymous,2025-06-16T04:00:00Z,2025-06-16T19:42:47Z,OPM,Public Submission,False,09000064b8e0125b
OPM-2025-0007-0314,Comment from J M,2025-06-16T04:00:00Z,2025-06-16T22:59:21Z,OPM,Public Submission,False,09000064b8e13da9
OPM-2025-0007-0435,Comment from Anonymous,2025-06-25T04:00:00Z,2025-06-26T00:49:15Z,OPM,Public Submission,False,09000064b8e30806
OPM-2025-0007-0446,Comment from Anonymous,2025-06-26T04:00:00Z,2025-06-26T14:36:46Z,OPM,Public Submission,False,09000064b8e308cf
OPM-2025-0007-0445,Comment from Susan Harris,2025-06-26T04:00:00Z,2025-06-26T14:36:03Z,OPM,Public Submission,False,09000064b8e3147d
OPM-2025-0007-0448,Comment from Jon Felker,2025-06-26T04:00:00Z,2025-06-26T19:41:53Z,OPM,Public Submission,False,09000064b8e3248e
OPM-2025-0007-0475,Comment from Anonymous,2025-06-30T04:00:00Z,2025-06-30T14:57:19Z,OPM,Public Submission,False,09000064b8e36c5a
OPM-2025-0007-0476,Comment from Anonymous,2025-06-30T04:00:00Z,2025-06-30T15:07:10Z,OPM,Public Submission,False,09000064b8e36ca8
OPM-2025-0007-0480,Comment from A W,2025-06-30T04:00:00Z,2025-06-30T17:05:15Z,OPM,Public Submission,False,09000064b8e38700
OPM-2025-0007-0481,Comment from M D,2025-06-30T04:00:00Z,2025-06-30T17:08:14Z,OPM,Public Submission,False,09000064b8e38820
OPM-2025-0007-0486,Comment from Anonymous,2025-06-30T04:00:00Z,2025-06-30T17:17:13Z,OPM,Public Submission,False,09000064b8e3a6dd
OPM-2025-0007-0487,Comment from Anonymous,2025-06-30T04:00:00Z,2025-06-30T17:21:03Z,OPM,Public Submission,False,09000064b8e3a70f
OPM-2025-0007-0488,Comment from Terri Attridge,2025-06-30T04:00:00Z,2025-06-30T17:23:06Z,OPM,Public Submission,False,09000064b8e3a7cd
OPM-2025-0007-0489,Comment from Anonymous,2025-06-30T04:00:00Z,2025-06-30T17:26:15Z,OPM,Public Submission,False,09000064b8e36e37
OPM-2025-0007-0485,Comment from Anonymous,2025-06-30T04:00:00Z,2025-06-30T17:15:46Z,OPM,Public Submission,False,09000064b8e3a6bc
OPM-2025-0007-0497,Comment from Anonymous,2025-06-30T04:00:00Z,2025-06-30T17:58:12Z,OPM,Public Submission,False,09000064b8e3f6b3
OPM-2025-0007-0343,Comment from Anonymous,2025-06-20T04:00:00Z,2025-06-20T16:07:18Z,OPM,Public Submission,False,09000064b8e1aa40
OPM-2025-0007-0349,Comment from Starry Summers,2025-06-20T04:00:00Z,2025-06-20T16:10:07Z,OPM,Public Submission,False,09000064b8e1ad5d
OPM-2025-0007-0373,Comment from Amie Vaughan,2025-06-23T04:00:00Z,2025-06-23T16:51:09Z,OPM,Public Submission,False,09000064b8e1e0ec
OPM-2025-0007-0377,Comment from Anonymous,2025-06-23T04:00:00Z,2025-06-23T16:51:11Z,OPM,Public Submission,False,09000064b8e1fc77
OPM-2025-0007-0374,Comment from Anonymous,2025-06-23T04:00:00Z,2025-06-23T16:51:10Z,OPM,Public Submission,False,09000064b8e24122
OPM-2025-0007-0366,Comment from Anonymous,2025-06-23T04:00:00Z,2025-06-23T16:24:59Z,OPM,Public Submission,False,09000064b8e222e8
OPM-2025-0007-0390,Comment from Lauren Coleman,2025-06-23T04:00:00Z,2025-06-23T17:32:34Z,OPM,Public Submission,False,09000064b8e23b3f
OPM-2025-0007-0394,Comment from Josh Fitzer,2025-06-23T04:00:00Z,2025-06-23T17:32:36Z,OPM,Public Submission,False,09000064b8e23b57
OPM-2025-0007-0396,Comment from Anonymous,2025-06-23T04:00:00Z,2025-06-23T17:32:37Z,OPM,Public Submission,False,09000064b8e2487b
OPM-2025-0007-0403,Comment from Adam Auerbach,2025-06-24T04:00:00Z,2025-06-24T14:39:34Z,OPM,Public Submission,False,09000064b8e25f72
OPM-2025-0007-0407,Comment from B B,2025-06-24T04:00:00Z,2025-06-24T14:48:05Z,OPM,Public Submission,False,09000064b8e27322
OPM-2025-0007-0409,Comment from Anonymous,2025-06-24T04:00:00Z,2025-06-24T14:51:30Z,OPM,Public Submission,False,09000064b8e2738b
OPM-2025-0007-0411,Comment from Anonymous,2025-06-24T04:00:00Z,2025-06-24T14:53:22Z,OPM,Public Submission,False,09000064b8e28f1f
OPM-2025-0007-0432,Comment from Diane W,2025-06-25T04:00:00Z,2025-06-25T20:02:05Z,OPM,Public Submission,False,09000064b8e30551
OPM-2025-0007-0462,Comment from Millie Kings,2025-06-27T04:00:00Z,2025-06-27T14:51:31Z,OPM,Public Submission,False,09000064b8e3505f
OPM-2025-0007-0469,Comment from Lee Rick,2025-06-27T04:00:00Z,2025-06-27T14:59:57Z,OPM,Public Submission,False,09000064b8e3689a
OPM-2025-0007-0567,Comment from Laura Georgi,2025-07-01T04:00:00Z,2025-07-01T21:33:24Z,OPM,Public Submission,False,09000064b8e4497a
OPM-2025-0007-0569,Comment from G B,2025-07-01T04:00:00Z,2025-07-01T21:37:39Z,OPM,Public Submission,False,09000064b8e4742b
OPM-2025-0007-0570,Comment from Anonymous,2025-07-01T04:00:00Z,2025-07-01T21:42:10Z,OPM,Public Submission,False,09000064b8e4a613
OPM-2025-0007-0560,Comment from Anonymous,2025-07-01T04:00:00Z,2025-07-01T21:22:49Z,OPM,Public Submission,False,09000064b8e3a74f
OPM-2025-0007-0562,Comment from Dee Char,2025-07-01T04:00:00Z,2025-07-01T21:26:21Z,OPM,Public Submission,False,09000064b8e3d2f8
OPM-2025-0007-0578,Comment from Anonymous,2025-07-01T04:00:00Z,2025-07-01T22:04:13Z,OPM,Public Submission,False,09000064b8e4a610
OPM-2025-0007-0587,Comment from Anonymous,2025-07-01T04:00:00Z,2025-07-01T22:04:19Z,OPM,Public Submission,False,09000064b8e4a655
OPM-2025-0007-0593,Comment from Mary Styles,2025-07-01T04:00:00Z,2025-07-01T22:04:24Z,OPM,Public Submission,False,09000064b8e4a65e
OPM-2025-0007-0596,Comment from Jon Public,2025-07-01T04:00:00Z,2025-07-01T22:04:26Z,OPM,Public Submission,False,09000064b8e4a668
OPM-2025-0007-0584,Comment from Anonymous,2025-07-01T04:00:00Z,2025-07-01T22:04:17Z,OPM,Public Submission,False,09000064b8e4a378
OPM-2025-0007-0586,Comment from Russ Udel,2025-07-01T04:00:00Z,2025-07-01T22:04:18Z,OPM,Public Submission,False,09000064b8e4a653
OPM-2025-0007-0590,Comment from Anonymous,2025-07-01T04:00:00Z,2025-07-01T22:04:21Z,OPM,Public Submission,False,09000064b8e4a65b
OPM-2025-0007-0592,Comment from Anonymous,2025-07-01T04:00:00Z,2025-07-01T22:04:23Z,OPM,Public Submission,False,09000064b8e4a65d
OPM-2025-0007-0598,Comment from Anonymous,2025-07-01T04:00:00Z,2025-07-01T22:04:27Z,OPM,Public Submission,False,09000064b8e4a68d
OPM-2025-0007-0600,Comment from Beth Van Gorp,2025-07-01T04:00:00Z,2025-07-01T22:04:29Z,OPM,Public Submission,False,09000064b8e4a728
OPM-2025-0007-0582,Comment from Anonymous,2025-07-01T04:00:00Z,2025-07-01T22:04:16Z,OPM,Public Submission,False,09000064b8e4ac53
OPM-2025-0007-0577,Comment from Anonymous,2025-07-01T04:00:00Z,2025-07-01T22:04:12Z,OPM,Public Submission,False,09000064b8e4add3
OPM-2025-0007-0606,Comment from Anonymous,2025-07-01T04:00:00Z,2025-07-01T22:04:33Z,OPM,Public Submission,False,09000064b8e4bfd9
OPM-2025-0007-0574,Comment from Chris Layton,2025-07-01T04:00:00Z,2025-07-01T22:04:10Z,OPM,Public Submission,False,09000064b8e4a99f
OPM-2025-0007-0615,Comment from Anonymous,2025-07-01T04:00:00Z,2025-07-01T23:00:58Z,OPM,Public Submission,False,09000064b8e36e7a
OPM-2025-0007-0619,Comment from Concerned Citizen,2025-07-02T04:00:00Z,2025-07-02T20:17:25Z,OPM,Public Submission,False,09000064b8e4c295
OPM-2025-0007-0620,Comment from Zoe Daniels-Woolridge,2025-07-02T04:00:00Z,2025-07-02T20:17:26Z,OPM,Public Submission,False,09000064b8e4c296
OPM-2025-0007-0616,Comment from Ashanti Cook,2025-07-02T04:00:00Z,2025-07-02T20:17:23Z,OPM,Public Submission,False,09000064b8e4c954
OPM-2025-0007-0641,Comment from Devin Buda,2025-07-02T04:00:00Z,2025-07-02T20:17:42Z,OPM,Public Submission,False,09000064b8e4cc21
OPM-2025-0007-0642,Comment from Anonymous,2025-07-02T04:00:00Z,2025-07-02T20:17:42Z,OPM,Public Submission,False,09000064b8e4cc2e
OPM-2025-0007-0645,Comment from Marissa   Ng,2025-07-02T04:00:00Z,2025-07-02T20:17:44Z,OPM,Public Submission,False,09000064b8e4cc42
OPM-2025-0007-0652,Comment from Sam Richman,2025-07-02T04:00:00Z,2025-07-02T20:17:49Z,OPM,Public Submission,False,09000064b8e4cc9d
OPM-2025-0007-0622,Comment from Anonymous,2025-07-02T04:00:00Z,2025-07-02T20:17:28Z,OPM,Public Submission,False,09000064b8e4cde4
OPM-2025-0007-0623,Comment from Anonymous,2025-07-02T04:00:00Z,2025-07-02T20:17:28Z,OPM,Public Submission,False,09000064b8e4cdeb
OPM-2025-0007-0624,Comment from Anonymous,2025-07-02T04:00:00Z,2025-07-02T20:17:29Z,OPM,Public Submission,False,09000064b8e4cdf8
OPM-2025-0007-0625,Comment from Anonymous,2025-07-02T04:00:00Z,2025-07-02T20:17:30Z,OPM,Public Submission,False,09000064b8e4cdfb
OPM-2025-0007-0636,Comment from Anonymous,2025-07-02T04:00:00Z,2025-07-02T20:17:38Z,OPM,Public Submission,False,09000064b8e4ce4f
OPM-2025-0007-0638,Comment from Anonymous,2025-07-02T04:00:00Z,2025-07-02T20:17:39Z,OPM,Public Submission,False,09000064b8e4ce81
OPM-2025-0007-0664,Comment from Anonymous,2025-07-02T04:00:00Z,2025-07-02T20:33:24Z,OPM,Public Submission,False,09000064b8e4d50f
OPM-2025-0007-0666,Comment from Anonymous,2025-07-02T04:00:00Z,2025-07-02T20:33:26Z,OPM,Public Submission,False,09000064b8e4d94c
OPM-2025-0007-0667,Comment from Amy Lynn,2025-07-02T04:00:00Z,2025-07-02T20:33:27Z,OPM,Public Submission,False,09000064b8e4d980
OPM-2025-0007-1358,Comment from American Federation of Labor and Congress of Industrial Organizations (AFL-CIO),2025-07-17T04:00:00Z,2025-07-17T15:10:40Z,OPM,Public Submission,False,09000064b8e7d273
OPM-2025-0007-1364,Comment from Anonymous,2025-07-17T04:00:00Z,2025-07-17T22:40:39Z,OPM,Public Submission,False,09000064b8e81749
OPM-2025-0007-1366,Comment from Erika Dains,2025-07-17T04:00:00Z,2025-07-18T03:52:32Z,OPM,Public Submission,False,09000064b8e81deb
OPM-2025-0007-1377,Comment from Donna Pointer,2025-07-18T04:00:00Z,2025-07-18T15:08:26Z,OPM,Public Submission,False,09000064b8e824d7
OPM-2025-0007-1378,Comment from Anonymous,2025-07-18T04:00:00Z,2025-07-18T15:08:26Z,OPM,Public Submission,False,09000064b8e82a47
OPM-2025-0007-1367,Comment from Anonymous,2025-07-17T04:00:00Z,2025-07-18T03:52:33Z,OPM,Public Submission,False,09000064b8e81e03
OPM-2025-0007-1384,Comment from Rachel Ciccarone,2025-07-18T04:00:00Z,2025-07-18T20:40:50Z,OPM,Public Submission,False,09000064b8e83a43
OPM-2025-0007-1387,Comment from John Pointer,2025-07-18T04:00:00Z,2025-07-18T22:49:55Z,OPM,Public Submission,False,09000064b8e84d2f
OPM-2025-0007-1388,Comment from Anonymous,2025-07-18T04:00:00Z,2025-07-18T22:49:55Z,OPM,Public Submission,False,09000064b8e84e34
OPM-2025-0007-1394,Comment from Anonymous,2025-07-21T04:00:00Z,2025-07-21T14:32:15Z,OPM,Public Submission,False,09000064b8e85deb
OPM-2025-0007-1404,Comment from K U,2025-07-21T04:00:00Z,2025-07-21T14:40:58Z,OPM,Public Submission,False,09000064b8e86d76
OPM-2025-0007-1405,Comment from Marc Neufeld,2025-07-21T04:00:00Z,2025-07-21T14:41:23Z,OPM,Public Submission,False,09000064b8e86d81
OPM-2025-0007-1352,Comment from Frank Buffum,2025-07-15T04:00:00Z,2025-07-15T14:43:03Z,OPM,Public Submission,False,09000064b8e73ef7
OPM-2025-0007-1246,Comment from Anonymous,2025-07-07T04:00:00Z,2025-07-07T21:00:24Z,OPM,Public Submission,False,09000064b8e54a0f
OPM-2025-0007-1247,Comment from Kaelyn Quinlan,2025-07-07T04:00:00Z,2025-07-07T21:00:25Z,OPM,Public Submission,False,09000064b8e54a1b
OPM-2025-0007-1249,Comment from Janet Meade,2025-07-07T04:00:00Z,2025-07-07T21:00:27Z,OPM,Public Submission,False,09000064b8e54a47
OPM-2025-0007-1250,Comment from Anonymous,2025-07-07T04:00:00Z,2025-07-07T21:00:29Z,OPM,Public Submission,False,09000064b8e54a53
OPM-2025-0007-1251,Comment from Anonymous,2025-07-07T04:00:00Z,2025-07-07T21:00:30Z,OPM,Public Submission,False,09000064b8e54a63
OPM-2025-0007-1253,Comment from Anonymous,2025-07-07T04:00:00Z,2025-07-07T21:00:31Z,OPM,Public Submission,False,09000064b8e54a71
OPM-2025-0007-1226,Comment from Anonymous,2025-07-07T04:00:00Z,2025-07-07T21:00:04Z,OPM,Public Submission,False,09000064b8e54e79
OPM-2025-0007-1076,Comment from Anonymous,2025-07-07T04:00:00Z,2025-07-07T16:36:18Z,OPM,Public Submission,False,09000064b8e5087e
OPM-2025-0007-1040,Comment from Louis Kolker,2025-07-07T04:00:00Z,2025-07-07T14:31:25Z,OPM,Public Submission,False,09000064b8e4c220
OPM-2025-0007-1043,Comment from Sacha Charny,2025-07-07T04:00:00Z,2025-07-07T14:37:21Z,OPM,Public Submission,False,09000064b8e4ce2a
OPM-2025-0007-1057,Comment from Anonymous,2025-07-07T04:00:00Z,2025-07-07T15:15:04Z,OPM,Public Submission,False,09000064b8e4d018
OPM-2025-0007-1055,Comment from Anonymous,2025-07-07T04:00:00Z,2025-07-07T15:10:46Z,OPM,Public Submission,False,09000064b8e4c8b2
OPM-2025-0007-1056,Comment from Anonymous,2025-07-07T04:00:00Z,2025-07-07T15:13:20Z,OPM,Public Submission,False,09000064b8e4c8b7
OPM-2025-0007-1052,Comment from Anonymous,2025-07-07T04:00:00Z,2025-07-07T15:04:06Z,OPM,Public Submission,False,09000064b8e4c3b8
OPM-2025-0007-1062,Comment from Anonymous,2025-07-07T04:00:00Z,2025-07-07T15:29:00Z,OPM,Public Submission,False,09000064b8e4e1c6
OPM-2025-0007-1081,Comment from Anonymous,2025-07-07T04:00:00Z,2025-07-07T16:49:43Z,OPM,Public Submission,False,09000064b8e4dfb7
OPM-2025-0007-1082,Comment from Mae Coleman,2025-07-07T04:00:00Z,2025-07-07T16:51:53Z,OPM,Public Submission,False,09000064b8e4dfbb
OPM-2025-0007-1079,Comment from James Samples,2025-07-07T04:00:00Z,2025-07-07T16:46:49Z,OPM,Public Submission,False,09000064b8e508b8
OPM-2025-0007-1080,Comment from Anonymous,2025-07-07T04:00:00Z,2025-07-07T16:47:55Z,OPM,Public Submission,False,09000064b8e508c4
OPM-2025-0007-1088,Comment from Anonymous,2025-07-07T04:00:00Z,2025-07-07T17:05:56Z,OPM,Public Submission,False,09000064b8e4dfc6
OPM-2025-0007-1091,Comment from Anonymous,2025-07-07T04:00:00Z,2025-07-07T17:12:33Z,OPM,Public Submission,False,09000064b8e4dfd3
OPM-2025-0007-1093,Comment from Nathaniel Maloney,2025-07-07T04:00:00Z,2025-07-07T17:15:00Z,OPM,Public Submission,False,09000064b8e4dfdc
OPM-2025-0007-1110,Comment from Conor McGrath,2025-07-07T04:00:00Z,2025-07-07T17:44:44Z,OPM,Public Submission,False,09000064b8e565af
OPM-2025-0007-1105,Comment from R T,2025-07-07T04:00:00Z,2025-07-07T17:36:58Z,OPM,Public Submission,False,09000064b8e566cd
OPM-2025-0007-1103,Comment from Kelly Socia,2025-07-07T04:00:00Z,2025-07-07T17:34:05Z,OPM,Public Submission,False,09000064b8e56afe
OPM-2025-0007-1104,Comment from J L,2025-07-07T04:00:00Z,2025-07-07T17:36:02Z,OPM,Public Submission,False,09000064b8e56e9c
OPM-2025-0007-1101,Comment from Anonymous,2025-07-07T04:00:00Z,2025-07-07T17:32:08Z,OPM,Public Submission,False,09000064b8e5768c
OPM-2025-0007-1094,Comment from Anonymous,2025-07-07T04:00:00Z,2025-07-07T17:16:20Z,OPM,Public Submission,False,09000064b8e4dfde
OPM-2025-0007-1097,Comment from Anonymous,2025-07-07T04:00:00Z,2025-07-07T17:20:44Z,OPM,Public Submission,False,09000064b8e4dfe5
OPM-2025-0007-1099,Comment from Anonymous,2025-07-07T04:00:00Z,2025-07-07T17:25:10Z,OPM,Public Submission,False,09000064b8e51e44
OPM-2025-0007-1098,Comment from Brian Seymour,2025-07-07T04:00:00Z,2025-07-07T17:21:50Z,OPM,Public Submission,False,09000064b8e5357e
OPM-2025-0007-1248,Comment from Elizabeth Bauer,2025-07-07T04:00:00Z,2025-07-07T21:00:26Z,OPM,Public Submission,False,09000064b8e54a2b
OPM-2025-0007-1311,Comment from Anonymous,2025-07-09T04:00:00Z,2025-07-09T17:23:14Z,OPM,Public Submission,False,09000064b8e5e56a
OPM-2025-0007-1322,Comment from Public Employees for Environmental Responsibility,2025-07-10T04:00:00Z,2025-07-10T19:26:39Z,OPM,Public Submission,False,09000064b8e528e2
OPM-2025-0007-1324,Comment from Anonymous,2025-07-10T04:00:00Z,2025-07-10T19:29:20Z,OPM,Public Submission,False,09000064b8e55a00
OPM-2025-0007-1340,Comment from Anonymous,2025-07-14T04:00:00Z,2025-07-14T15:35:03Z,OPM,Public Submission,False,09000064b8e6ceb5
OPM-2025-0007-1341,Comment from Anonymous,2025-07-14T04:00:00Z,2025-07-14T15:35:54Z,OPM,Public Submission,False,09000064b8e6ceb9
OPM-2025-0007-1336,Comment from G R,2025-07-14T04:00:00Z,2025-07-14T15:32:08Z,OPM,Public Submission,False,09000064b8e6d9b9
OPM-2025-0007-1355,Comment from Anonymous,2025-07-16T04:00:00Z,2025-07-16T14:45:46Z,OPM,Public Submission,False,09000064b8e7a8f4
OPM-2025-0007-1308,Comment from Jon Smith,2025-07-08T04:00:00Z,2025-07-08T21:31:11Z,OPM,Public Submission,False,09000064b8e4e099
OPM-2025-0007-1330,Comment from Anonymous,2025-07-11T04:00:00Z,2025-07-11T20:44:15Z,OPM,Public Submission,False,09000064b8e65cb4
OPM-2025-0007-0459,Comment from Anonymous,2025-06-26T04:00:00Z,2025-06-27T05:49:33Z,OPM,Public Submission,False,09000064b8e36670
OPM-2025-0007-0460,Comment from Anonymous,2025-06-26T04:00:00Z,2025-06-27T05:51:43Z,OPM,Public Submission,False,09000064b8e36a1c
OPM-2025-0007-0338,Comment from Isabelle MdH,2025-06-18T04:00:00Z,2025-06-18T19:48:42Z,OPM,Public Submission,False,09000064b8e1853b
OPM-2025-0007-0339,Comment from Anonymous,2025-06-18T04:00:00Z,2025-06-18T19:49:28Z,OPM,Public Submission,False,09000064b8e1869c
OPM-2025-0007-0692,Comment from Sarah Norris,2025-07-03T04:00:00Z,2025-07-03T18:56:13Z,OPM,Public Submission,False,09000064b8e4e18d
OPM-2025-0007-0695,Comment from Anonymous,2025-07-03T04:00:00Z,2025-07-03T18:56:14Z,OPM,Public Submission,False,09000064b8e4e1bb
OPM-2025-0007-0696,Comment from Charles Lusher,2025-07-03T04:00:00Z,2025-07-03T18:56:14Z,OPM,Public Submission,False,09000064b8e4e1bf
OPM-2025-0007-0697,Comment from Anonymous,2025-07-03T04:00:00Z,2025-07-03T18:56:14Z,OPM,Public Submission,False,09000064b8e4e1d0
OPM-2025-0007-0699,Comment from Anonymous,2025-07-03T04:00:00Z,2025-07-03T18:56:15Z,OPM,Public Submission,False,09000064b8e4e1dd
OPM-2025-0007-0672,Comment from Claudia Diaz-Combs,2025-07-03T04:00:00Z,2025-07-03T18:56:06Z,OPM,Public Submission,False,09000064b8e4c724
OPM-2025-0007-0674,Comment from Anonymous,2025-07-03T04:00:00Z,2025-07-03T18:56:07Z,OPM,Public Submission,False,09000064b8e4d527
OPM-2025-0007-0687,Comment from Anonymous,2025-07-03T04:00:00Z,2025-07-03T18:56:11Z,OPM,Public Submission,False,09000064b8e4d7e5
OPM-2025-0007-0700,Comment from Henry Gite,2025-07-03T04:00:00Z,2025-07-03T18:56:15Z,OPM,Public Submission,False,09000064b8e4da37
OPM-2025-0007-0701,Comment from Anonymous,2025-07-03T04:00:00Z,2025-07-03T18:56:15Z,OPM,Public Submission,False,09000064b8e4da3c
OPM-2025-0007-0681,Comment from Anonymous,2025-07-03T04:00:00Z,2025-07-03T18:56:09Z,OPM,Public Submission,False,09000064b8e4e12f
OPM-2025-0007-1023,Comment from Anonymous,2025-07-03T04:00:00Z,2025-07-03T22:32:39Z,OPM,Public Submission,False,09000064b8e5465b
OPM-2025-0007-0834,Comment from Aliza Arzt,2025-07-03T04:00:00Z,2025-07-03T22:30:07Z,OPM,Public Submission,False,09000064b8e4e012
OPM-2025-0007-0898,Comment from Melissa Snow,2025-07-03T04:00:00Z,2025-07-03T22:31:02Z,OPM,Public Submission,False,09000064b8e4e0ae
OPM-2025-0007-0999,Comment from S Dubya,2025-07-03T04:00:00Z,2025-07-03T22:32:21Z,OPM,Public Submission,False,09000064b8e53529
OPM-2025-0007-1025,Comment from Anonymous,2025-07-03T04:00:00Z,2025-07-03T22:32:42Z,OPM,Public Submission,False,09000064b8e54943
OPM-2025-0007-1034,Comment from Bob Watson,2025-07-03T04:00:00Z,2025-07-03T22:32:49Z,OPM,Public Submission,False,09000064b8e54d61
OPM-2025-0007-0838,Comment from Anonymous,2025-07-03T04:00:00Z,2025-07-03T22:30:10Z,OPM,Public Submission,False,09000064b8e4e01a
OPM-2025-0007-0840,Comment from J R,2025-07-03T04:00:00Z,2025-07-03T22:30:12Z,OPM,Public Submission,False,09000064b8e4e01e
OPM-2025-0007-0983,Comment from Chris Mayer,2025-07-03T04:00:00Z,2025-07-03T22:32:08Z,OPM,Public Submission,False,09000064b8e4e3e9
OPM-2025-0007-0986,Comment from ahren hilburn,2025-07-03T04:00:00Z,2025-07-03T22:32:11Z,OPM,Public Submission,False,09000064b8e4e413
OPM-2025-0007-0990,Comment from Anonymous,2025-07-03T04:00:00Z,2025-07-03T22:32:14Z,OPM,Public Submission,False,09000064b8e4e433
OPM-2025-0007-0993,Comment from Samantha Parker,2025-07-03T04:00:00Z,2025-07-03T22:32:16Z,OPM,Public Submission,False,09000064b8e4e49a
OPM-2025-0007-0918,Comment from Anonymous,2025-07-03T04:00:00Z,2025-07-03T22:31:17Z,OPM,Public Submission,False,09000064b8e50d0f
OPM-2025-0007-0853,Comment from Anonymous,2025-07-03T04:00:00Z,2025-07-03T22:30:22Z,OPM,Public Submission,False,09000064b8e4e04b
OPM-2025-0007-0942,Comment from Michelle Pinsdorf,2025-07-03T04:00:00Z,2025-07-03T22:31:36Z,OPM,Public Submission,False,09000064b8e50d6c
OPM-2025-0007-0955,Comment from Anonymous,2025-07-03T04:00:00Z,2025-07-03T22:31:46Z,OPM,Public Submission,False,09000064b8e51100
OPM-2025-0007-0967,Comment from Anonymous,2025-07-03T04:00:00Z,2025-07-03T22:31:56Z,OPM,Public Submission,False,09000064b8e51153
OPM-2025-0007-1002,Comment from Concerned Citizen,2025-07-03T04:00:00Z,2025-07-03T22:32:23Z,OPM,Public Submission,False,09000064b8e535d2
OPM-2025-0007-1017,Comment from Sara Russell,2025-07-03T04:00:00Z,2025-07-03T22:32:35Z,OPM,Public Submission,False,09000064b8e5458a
OPM-2025-0007-0888,Comment from Anonymous,2025-07-03T04:00:00Z,2025-07-03T22:30:54Z,OPM,Public Submission,False,09000064b8e4e097
OPM-2025-0007-0902,Comment from Noor Fernandez,2025-07-03T04:00:00Z,2025-07-03T22:31:05Z,OPM,Public Submission,False,09000064b8e4e0b8
OPM-2025-0007-0904,Comment from Derien Jackson,2025-07-03T04:00:00Z,2025-07-03T22:31:06Z,OPM,Public Submission,False,09000064b8e4e0c1
OPM-2025-0007-0908,Comment from Anonymous,2025-07-03T04:00:00Z,2025-07-03T22:31:09Z,OPM,Public Submission,False,09000064b8e4e0cc
OPM-2025-0007-0953,Comment from Anonymous,2025-07-03T04:00:00Z,2025-07-03T22:31:45Z,OPM,Public Submission,False,09000064b8e4e0fe
OPM-2025-0007-0980,Comment from Emily Citizen,2025-07-03T04:00:00Z,2025-07-03T22:32:06Z,OPM,Public Submission,False,09000064b8e4e3e6
OPM-2025-0007-0952,Comment from Catherine Tan,2025-07-03T04:00:00Z,2025-07-03T22:31:44Z,OPM,Public Submission,False,09000064b8e50c7e
OPM-2025-0007-0927,Comment from Anonymous,2025-07-03T04:00:00Z,2025-07-03T22:31:25Z,OPM,Public Submission,False,09000064b8e50d43
OPM-2025-0007-1026,Comment from John  Smith,2025-07-03T04:00:00Z,2025-07-03T22:32:42Z,OPM,Public Submission,False,09000064b8e51f45
OPM-2025-0007-0931,Comment from Marie Jenkins,2025-07-03T04:00:00Z,2025-07-03T22:31:28Z,OPM,Public Submission,False,09000064b8e4e0e7
OPM-2025-0007-0981,Comment from Matthew Kahn,2025-07-03T04:00:00Z,2025-07-03T22:32:07Z,OPM,Public Submission,False,09000064b8e4e3e7
OPM-2025-0007-1006,Comment from Nathan VanDuser,2025-07-03T04:00:00Z,2025-07-03T22:32:26Z,OPM,Public Submission,False,09000064b8e53e48
OPM-2025-0007-0995,Comment from Anonymous,2025-07-03T04:00:00Z,2025-07-03T22:32:17Z,OPM,Public Submission,False,09000064b8e4e4e6
OPM-2025-0007-0951,Comment from Anonymous,2025-07-03T04:00:00Z,2025-07-03T22:31:43Z,OPM,Public Submission,False,09000064b8e50c7d
OPM-2025-0007-0830,Comment from Dawn Swanson,2025-07-03T04:00:00Z,2025-07-03T22:30:04Z,OPM,Public Submission,False,09000064b8e4e008
OPM-2025-0007-0956,Comment from James Chen,2025-07-03T04:00:00Z,2025-07-03T22:31:47Z,OPM,Public Submission,False,09000064b8e51103
OPM-2025-0007-0832,Comment from Charlie Morris,2025-07-03T04:00:00Z,2025-07-03T22:30:05Z,OPM,Public Submission,False,09000064b8e4e00f
OPM-2025-0007-1027,Comment from L Simpson,2025-07-03T04:00:00Z,2025-07-03T22:32:43Z,OPM,Public Submission,False,09000064b8e51f4e
OPM-2025-0007-0935,Comment from Anonymous,2025-07-03T04:00:00Z,2025-07-03T22:31:31Z,OPM,Public Submission,False,09000064b8e4e29e
OPM-2025-0007-0972,Comment from Anonymous,2025-07-03T04:00:00Z,2025-07-03T22:32:00Z,OPM,Public Submission,False,09000064b8e4e3b0
OPM-2025-0007-0976,Comment from Anup Rao,2025-07-03T04:00:00Z,2025-07-03T22:32:03Z,OPM,Public Submission,False,09000064b8e4e3b9
OPM-2025-0007-0849,Comment from Anonymous,2025-07-03T04:00:00Z,2025-07-03T22:30:19Z,OPM,Public Submission,False,09000064b8e4e030
OPM-2025-0007-0850,Comment from Kurt Heppler,2025-07-03T04:00:00Z,2025-07-03T22:30:20Z,OPM,Public Submission,False,09000064b8e4e03d
OPM-2025-0007-0852,Comment from Anonymous,2025-07-03T04:00:00Z,2025-07-03T22:30:21Z,OPM,Public Submission,False,09000064b8e4e041
OPM-2025-0007-0926,Comment from Justin Pawlak,2025-07-03T04:00:00Z,2025-07-03T22:31:24Z,OPM,Public Submission,False,09000064b8e50d42
OPM-2025-0007-0938,Comment from Anonymous,2025-07-03T04:00:00Z,2025-07-03T22:31:33Z,OPM,Public Submission,False,09000064b8e50d65
OPM-2025-0007-0854,Comment from Anonymous,2025-07-03T04:00:00Z,2025-07-03T22:30:23Z,OPM,Public Submission,False,09000064b8e4e04e
OPM-2025-0007-0858,Comment from Lara Dicus,2025-07-03T04:00:00Z,2025-07-03T22:30:26Z,OPM,Public Submission,False,09000064b8e4e05c
OPM-2025-0007-0859,Comment from Anonymous,2025-07-03T04:00:00Z,2025-07-03T22:30:27Z,OPM,Public Submission,False,09000064b8e4e05d
OPM-2025-0007-0864,Comment from Anonymous,2025-07-03T04:00:00Z,2025-07-03T22:30:35Z,OPM,Public Submission,False,09000064b8e4e06b
OPM-2025-0007-0866,Comment from Anonymous,2025-07-03T04:00:00Z,2025-07-03T22:30:36Z,OPM,Public Submission,False,09000064b8e4e06d
OPM-2025-0007-0867,Comment from Marla Orta,2025-07-03T04:00:00Z,2025-07-03T22:30:37Z,OPM,Public Submission,False,09000064b8e4e06e
OPM-2025-0007-0872,Comment from Emerson French,2025-07-03T04:00:00Z,2025-07-03T22:30:41Z,OPM,Public Submission,False,09000064b8e4e073
OPM-2025-0007-0873,Comment from Roslyn Millius,2025-07-03T04:00:00Z,2025-07-03T22:30:42Z,OPM,Public Submission,False,09000064b8e4e074
OPM-2025-0007-0874,Comment from Anonymous,2025-07-03T04:00:00Z,2025-07-03T22:30:43Z,OPM,Public Submission,False,09000064b8e4e079
OPM-2025-0007-0734,Comment from Kat Aust,2025-07-03T04:00:00Z,2025-07-03T20:30:24Z,OPM,Public Submission,False,09000064b8e5080d
OPM-2025-0007-0737,Comment from Emily Miranker,2025-07-03T04:00:00Z,2025-07-03T20:30:26Z,OPM,Public Submission,False,09000064b8e50812
OPM-2025-0007-0740,Comment from Jackson Hass,2025-07-03T04:00:00Z,2025-07-03T20:30:28Z,OPM,Public Submission,False,09000064b8e5084d
OPM-2025-0007-0744,Comment from Anonymous,2025-07-03T04:00:00Z,2025-07-03T20:30:31Z,OPM,Public Submission,False,09000064b8e50866
OPM-2025-0007-0739,Comment from Ha Ha ha ha,2025-07-03T04:00:00Z,2025-07-03T20:30:27Z,OPM,Public Submission,False,09000064b8e50843
OPM-2025-0007-0732,Comment from Anonymous,2025-07-03T04:00:00Z,2025-07-03T20:30:22Z,OPM,Public Submission,False,09000064b8e507ff
OPM-2025-0007-0757,Comment from E K,2025-07-03T04:00:00Z,2025-07-03T20:30:42Z,OPM,Public Submission,False,09000064b8e50886
OPM-2025-0007-0741,Comment from Larry Schulze,2025-07-03T04:00:00Z,2025-07-03T20:30:29Z,OPM,Public Submission,False,09000064b8e50854
OPM-2025-0007-0754,Comment from Teddy Bruce,2025-07-03T04:00:00Z,2025-07-03T20:30:39Z,OPM,Public Submission,False,09000064b8e50882
OPM-2025-0007-0886,Comment from Concerned Citizen,2025-07-03T04:00:00Z,2025-07-03T22:30:52Z,OPM,Public Submission,False,09000064b8e4e094
OPM-2025-0007-0932,Comment from Anonymous,2025-07-03T04:00:00Z,2025-07-03T22:31:28Z,OPM,Public Submission,False,09000064b8e4e0e8
OPM-2025-0007-0885,Comment from Anonymous,2025-07-03T04:00:00Z,2025-07-03T22:30:51Z,OPM,Public Submission,False,09000064b8e4e093
OPM-2025-0007-0891,Comment from Michael Anderson,2025-07-03T04:00:00Z,2025-07-03T22:30:56Z,OPM,Public Submission,False,09000064b8e4e0a5
OPM-2025-0007-0941,Comment from Anonymous,2025-07-03T04:00:00Z,2025-07-03T22:31:35Z,OPM,Public Submission,False,09000064b8e50d6b
OPM-2025-0007-0831,Comment from Johnathan Knowlton,2025-07-03T04:00:00Z,2025-07-03T22:30:05Z,OPM,Public Submission,False,09000064b8e4e00b
OPM-2025-0007-0964,Comment from T P,2025-07-03T04:00:00Z,2025-07-03T22:31:53Z,OPM,Public Submission,False,09000064b8e5114b
OPM-2025-0007-0915,Comment from Nicholas Schretter,2025-07-03T04:00:00Z,2025-07-03T22:31:15Z,OPM,Public Submission,False,09000064b8e4e0d7
OPM-2025-0007-0883,Comment from Patrick Schulz,2025-07-03T04:00:00Z,2025-07-03T22:30:50Z,OPM,Public Submission,False,09000064b8e4e08d
OPM-2025-0007-0974,Comment from Anonymous,2025-07-03T04:00:00Z,2025-07-03T22:32:01Z,OPM,Public Submission,False,09000064b8e4e3b5
OPM-2025-0007-0922,Comment from Bill Williams,2025-07-03T04:00:00Z,2025-07-03T22:31:20Z,OPM,Public Submission,False,09000064b8e50d1f
OPM-2025-0007-0936,Comment from Anonymous,2025-07-03T04:00:00Z,2025-07-03T22:31:32Z,OPM,Public Submission,False,09000064b8e50d52
OPM-2025-0007-0948,Comment from Richard Naff,2025-07-03T04:00:00Z,2025-07-03T22:31:41Z,OPM,Public Submission,False,09000064b8e50d7b
OPM-2025-0007-0937,Comment from Katy Katsen,2025-07-03T04:00:00Z,2025-07-03T22:31:32Z,OPM,Public Submission,False,09000064b8e50d5f
OPM-2025-0007-0997,Comment from Anony Mous,2025-07-03T04:00:00Z,2025-07-03T22:32:19Z,OPM,Public Submission,False,09000064b8e5351f
OPM-2025-0007-1001,Comment from Anonymous,2025-07-03T04:00:00Z,2025-07-03T22:32:22Z,OPM,Public Submission,False,09000064b8e535c8
OPM-2025-0007-0991,Comment from Anonymous,2025-07-03T04:00:00Z,2025-07-03T22:32:14Z,OPM,Public Submission,False,09000064b8e4e46a
OPM-2025-0007-1010,Comment from Anonymous,2025-07-03T04:00:00Z,2025-07-03T22:32:29Z,OPM,Public Submission,False,09000064b8e54093
OPM-2025-0007-1014,Comment from Anonymous,2025-07-03T04:00:00Z,2025-07-03T22:32:32Z,OPM,Public Submission,False,09000064b8e540a2
OPM-2025-0007-0944,Comment from Christina Jung,2025-07-03T04:00:00Z,2025-07-03T22:31:38Z,OPM,Public Submission,False,09000064b8e50d6e
OPM-2025-0007-0947,Comment from Anonymous,2025-07-03T04:00:00Z,2025-07-03T22:31:40Z,OPM,Public Submission,False,09000064b8e50d75
OPM-2025-0007-0961,Comment from Beth Pokrivka,2025-07-03T04:00:00Z,2025-07-03T22:31:51Z,OPM,Public Submission,False,09000064b8e51125
OPM-2025-0007-1004,Comment from Emily A,2025-07-03T04:00:00Z,2025-07-03T22:32:25Z,OPM,Public Submission,False,09000064b8e535dc
OPM-2025-0007-1008,Comment from Anonymous,2025-07-03T04:00:00Z,2025-07-03T22:32:28Z,OPM,Public Submission,False,09000064b8e53ee4
OPM-2025-0007-1024,Comment from Anonymous,2025-07-03T04:00:00Z,2025-07-03T22:32:41Z,OPM,Public Submission,False,09000064b8e548cd
OPM-2025-0007-0836,Comment from Leonard Dixon,2025-07-03T04:00:00Z,2025-07-03T22:30:09Z,OPM,Public Submission,False,09000064b8e4e018
OPM-2025-0007-0792,Comment from Anonymous,2025-07-03T04:00:00Z,2025-07-03T22:29:35Z,OPM,Public Submission,False,09000064b8e4df67
OPM-2025-0007-0793,Comment from Aaron Heminway,2025-07-03T04:00:00Z,2025-07-03T22:29:35Z,OPM,Public Submission,False,09000064b8e4df68
OPM-2025-0007-0798,Comment from Anonymous,2025-07-03T04:00:00Z,2025-07-03T22:29:39Z,OPM,Public Submission,False,09000064b8e4df80
OPM-2025-0007-0783,Comment from Anonymous,2025-07-03T04:00:00Z,2025-07-03T22:29:28Z,OPM,Public Submission,False,09000064b8e508e9
OPM-2025-0007-0801,Comment from Anonymous,2025-07-03T04:00:00Z,2025-07-03T22:29:42Z,OPM,Public Submission,False,09000064b8e4df93
OPM-2025-0007-0804,Comment from Anonymous,2025-07-03T04:00:00Z,2025-07-03T22:29:44Z,OPM,Public Submission,False,09000064b8e4df9a
OPM-2025-0007-0811,Comment from Anonymous,2025-07-03T04:00:00Z,2025-07-03T22:29:49Z,OPM,Public Submission,False,09000064b8e4dfb2
OPM-2025-0007-0817,Comment from Anonymous,2025-07-03T04:00:00Z,2025-07-03T22:29:54Z,OPM,Public Submission,False,09000064b8e4dff2
OPM-2025-0007-0819,Comment from Anonymous,2025-07-03T04:00:00Z,2025-07-03T22:29:55Z,OPM,Public Submission,False,09000064b8e4dffc
OPM-2025-0007-0822,Comment from Adrian Jones,2025-07-03T04:00:00Z,2025-07-03T22:29:58Z,OPM,Public Submission,False,09000064b8e4dfff
OPM-2025-0007-0825,Comment from Anonymous,2025-07-03T04:00:00Z,2025-07-03T22:30:00Z,OPM,Public Submission,False,09000064b8e4e003
OPM-2025-0007-0949,Comment from Ryan Tinajero,2025-07-03T04:00:00Z,2025-07-03T22:31:42Z,OPM,Public Submission,False,09000064b8e50c79
OPM-2025-0007-0835,Comment from The Pendleton Ghost,2025-07-03T04:00:00Z,2025-07-03T22:30:08Z,OPM,Public Submission,False,09000064b8e4e015
OPM-2025-0007-0770,Comment from Anonymous,2025-07-03T04:00:00Z,2025-07-03T22:29:17Z,OPM,Public Submission,False,09000064b8e508b3
OPM-2025-0007-0773,Comment from Anonymous,2025-07-03T04:00:00Z,2025-07-03T22:29:19Z,OPM,Public Submission,False,09000064b8e508b6
OPM-2025-0007-0774,Comment from Lori  Segall,2025-07-03T04:00:00Z,2025-07-03T22:29:20Z,OPM,Public Submission,False,09000064b8e508ba
OPM-2025-0007-0776,Comment from Anonymous,2025-07-03T04:00:00Z,2025-07-03T22:29:21Z,OPM,Public Submission,False,09000064b8e508be
OPM-2025-0007-0777,Comment from Anonymous,2025-07-03T04:00:00Z,2025-07-03T22:29:22Z,OPM,Public Submission,False,09000064b8e508bf
OPM-2025-0007-0780,Comment from Robert Richards,2025-07-03T04:00:00Z,2025-07-03T22:29:24Z,OPM,Public Submission,False,09000064b8e508de
OPM-2025-0007-0799,Comment from Anonymous Anonymous,2025-07-03T04:00:00Z,2025-07-03T22:29:40Z,OPM,Public Submission,False,09000064b8e4df8b
OPM-2025-0007-1136,Comment from Anonymous,2025-07-07T04:00:00Z,2025-07-07T20:58:33Z,OPM,Public Submission,False,09000064b8e4dfe7
OPM-2025-0007-1132,Comment from Donald Trump,2025-07-07T04:00:00Z,2025-07-07T20:58:29Z,OPM,Public Submission,False,09000064b8e50bc7
OPM-2025-0007-1133,Comment from Anonymous,2025-07-07T04:00:00Z,2025-07-07T20:58:30Z,OPM,Public Submission,False,09000064b8e50bd6
OPM-2025-0007-1152,Comment from Rachel  Novak,2025-07-07T04:00:00Z,2025-07-07T20:58:50Z,OPM,Public Submission,False,09000064b8e50bf1
OPM-2025-0007-1153,Comment from Matt Mikls,2025-07-07T04:00:00Z,2025-07-07T20:58:51Z,OPM,Public Submission,False,09000064b8e50bf2
OPM-2025-0007-1157,Comment from Justin Frid,2025-07-07T04:00:00Z,2025-07-07T20:58:55Z,OPM,Public Submission,False,09000064b8e50c13
OPM-2025-0007-1159,Comment from Anonymous,2025-07-07T04:00:00Z,2025-07-07T20:58:57Z,OPM,Public Submission,False,09000064b8e50c15
OPM-2025-0007-1160,Comment from Ivanka T.,2025-07-07T04:00:00Z,2025-07-07T20:58:58Z,OPM,Public Submission,False,09000064b8e50c16
OPM-2025-0007-1164,Comment from Jennifer  Bell,2025-07-07T04:00:00Z,2025-07-07T20:59:02Z,OPM,Public Submission,False,09000064b8e50c20
OPM-2025-0007-1165,Comment from Richmond Lam,2025-07-07T04:00:00Z,2025-07-07T20:59:03Z,OPM,Public Submission,False,09000064b8e50c21
OPM-2025-0007-1167,Comment from Anonymous,2025-07-07T04:00:00Z,2025-07-07T20:59:05Z,OPM,Public Submission,False,09000064b8e50c29
OPM-2025-0007-1169,Comment from Isaias Gallegos,2025-07-07T04:00:00Z,2025-07-07T20:59:07Z,OPM,Public Submission,False,09000064b8e50c2d
OPM-2025-0007-1137,Comment from Anonymous,2025-07-07T04:00:00Z,2025-07-07T20:58:35Z,OPM,Public Submission,False,09000064b8e50d26
OPM-2025-0007-1138,Comment from Anonymous,2025-07-07T04:00:00Z,2025-07-07T20:58:36Z,OPM,Public Submission,False,09000064b8e50d28
OPM-2025-0007-1145,Comment from Anonymous,2025-07-07T04:00:00Z,2025-07-07T20:58:43Z,OPM,Public Submission,False,09000064b8e50d38
OPM-2025-0007-1146,Comment from Michael Long,2025-07-07T04:00:00Z,2025-07-07T20:58:44Z,OPM,Public Submission,False,09000064b8e50d39
OPM-2025-0007-1149,Comment from Anonymous,2025-07-07T04:00:00Z,2025-07-07T20:58:47Z,OPM,Public Submission,False,09000064b8e50d3e
OPM-2025-0007-1150,Comment from Anonymous,2025-07-07T04:00:00Z,2025-07-07T20:58:48Z,OPM,Public Submission,False,09000064b8e50d3f
OPM-2025-0007-1151,Comment from Anonymous,2025-07-07T04:00:00Z,2025-07-07T20:58:49Z,OPM,Public Submission,False,09000064b8e50d40
OPM-2025-0007-1181,Comment from Jill Hoffman,2025-07-07T04:00:00Z,2025-07-07T20:59:19Z,OPM,Public Submission,False,09000064b8e51ebe
OPM-2025-0007-1182,Comment from Anonymous,2025-07-07T04:00:00Z,2025-07-07T20:59:20Z,OPM,Public Submission,False,09000064b8e51efb
OPM-2025-0007-1183,Comment from Sarah Ragon,2025-07-07T04:00:00Z,2025-07-07T20:59:21Z,OPM,Public Submission,False,09000064b8e51fe4
OPM-2025-0007-1200,Comment from Anonymous,2025-07-07T04:00:00Z,2025-07-07T20:59:38Z,OPM,Public Submission,False,09000064b8e527e5
OPM-2025-0007-1206,Comment from Anonymous,2025-07-07T04:00:00Z,2025-07-07T20:59:44Z,OPM,Public Submission,False,09000064b8e52868
OPM-2025-0007-1207,Comment from Mia Iwane,2025-07-07T04:00:00Z,2025-07-07T20:59:45Z,OPM,Public Submission,False,09000064b8e52895
OPM-2025-0007-1185,Comment from Anonymous,2025-07-07T04:00:00Z,2025-07-07T20:59:23Z,OPM,Public Submission,False,09000064b8e5362c
OPM-2025-0007-1187,Comment from Anonymous,2025-07-07T04:00:00Z,2025-07-07T20:59:25Z,OPM,Public Submission,False,09000064b8e54466
OPM-2025-0007-1188,Comment from Nelson Hogg,2025-07-07T04:00:00Z,2025-07-07T20:59:26Z,OPM,Public Submission,False,09000064b8e5448e
OPM-2025-0007-1218,Comment from Anonymous,2025-07-07T04:00:00Z,2025-07-07T20:59:56Z,OPM,Public Submission,False,09000064b8e55ab8
OPM-2025-0007-1171,Comment from Anonymous,2025-07-07T04:00:00Z,2025-07-07T20:59:09Z,OPM,Public Submission,False,09000064b8e54687
OPM-2025-0007-1174,Comment from Anonymous,2025-07-07T04:00:00Z,2025-07-07T20:59:12Z,OPM,Public Submission,False,09000064b8e546fc
OPM-2025-0007-1178,Comment from Anonymous,2025-07-07T04:00:00Z,2025-07-07T20:59:16Z,OPM,Public Submission,False,09000064b8e54877
OPM-2025-0007-1221,Comment from Natalie Terwi,2025-07-07T04:00:00Z,2025-07-07T20:59:59Z,OPM,Public Submission,False,09000064b8e54e43
OPM-2025-0007-1211,Comment from Aaron Tindall-Schlicht,2025-07-07T04:00:00Z,2025-07-07T20:59:49Z,OPM,Public Submission,False,09000064b8e5593e
OPM-2025-0007-1220,Comment from Anonymous,2025-07-07T04:00:00Z,2025-07-07T20:59:58Z,OPM,Public Submission,False,09000064b8e55acd
OPM-2025-0007-1118,Comment from L M,2025-07-07T04:00:00Z,2025-07-07T17:55:23Z,OPM,Public Submission,False,09000064b8e54c8f
OPM-2025-0007-1112,Comment from G B,2025-07-07T04:00:00Z,2025-07-07T17:47:07Z,OPM,Public Submission,False,09000064b8e5585f
OPM-2025-0007-1111,Comment from Anonymous,2025-07-07T04:00:00Z,2025-07-07T17:45:58Z,OPM,Public Submission,False,09000064b8e55875
OPM-2025-0007-1113,Comment from Anonymous,2025-07-07T04:00:00Z,2025-07-07T17:48:10Z,OPM,Public Submission,False,09000064b8e55e50
OPM-2025-0007-1127,Comment from Christina  M,2025-07-07T04:00:00Z,2025-07-07T18:11:26Z,OPM,Public Submission,False,09000064b8e55afb
OPM-2025-0007-1125,Comment from Josephine Jones,2025-07-07T04:00:00Z,2025-07-07T18:07:16Z,OPM,Public Submission,False,09000064b8e55b0d
OPM-2025-0007-1123,Comment from James Murray,2025-07-07T04:00:00Z,2025-07-07T18:03:34Z,OPM,Public Submission,False,09000064b8e55c26
OPM-2025-0007-1122,Comment from Janice Martin,2025-07-07T04:00:00Z,2025-07-07T18:01:40Z,OPM,Public Submission,False,09000064b8e55d44
OPM-2025-0007-1072,Comment from Thomas MYERS,2025-07-07T04:00:00Z,2025-07-07T15:46:38Z,OPM,Public Submission,False,09000064b8e4ce50
OPM-2025-0007-1074,Comment from Anonymous,2025-07-07T04:00:00Z,2025-07-07T15:50:56Z,OPM,Public Submission,False,09000064b8e4da98
OPM-2025-0007-1075,Comment from Anonymous,2025-07-07T04:00:00Z,2025-07-07T15:51:55Z,OPM,Public Submission,False,09000064b8e4dabc
OPM-2025-0007-1066,Comment from Federal Worker Against-Politicization,2025-07-07T04:00:00Z,2025-07-07T15:36:00Z,OPM,Public Submission,False,09000064b8e5278c
OPM-2025-0007-1063,Comment from National Employment Lawyers Association,2025-07-07T04:00:00Z,2025-07-07T15:30:36Z,OPM,Public Submission,False,09000064b8e4da64
OPM-2025-0007-1234,Comment from Anonymous,2025-07-07T04:00:00Z,2025-07-07T21:00:13Z,OPM,Public Submission,False,09000064b8e54f0d
OPM-2025-0007-1241,Comment from Anonymous,2025-07-07T04:00:00Z,2025-07-07T21:00:19Z,OPM,Public Submission,False,09000064b8e54f86
OPM-2025-0007-1233,Comment from Anonymous,2025-07-07T04:00:00Z,2025-07-07T21:00:12Z,OPM,Public Submission,False,09000064b8e54ee7
OPM-2025-0007-0704,Comment from Anonymous,2025-07-03T04:00:00Z,2025-07-03T19:39:54Z,OPM,Public Submission,False,09000064b8e4da68
OPM-2025-0007-0708,Comment from C OConno,2025-07-03T04:00:00Z,2025-07-03T19:39:58Z,OPM,Public Submission,False,09000064b8e4da9a
OPM-2025-0007-0715,Comment from Anonymous,2025-07-03T04:00:00Z,2025-07-03T19:40:04Z,OPM,Public Submission,False,09000064b8e50a12
OPM-2025-0007-0717,Comment from Anonymous,2025-07-03T04:00:00Z,2025-07-03T19:40:06Z,OPM,Public Submission,False,09000064b8e50a15
OPM-2025-0007-0719,Comment from Anonymous,2025-07-03T04:00:00Z,2025-07-03T19:40:08Z,OPM,Public Submission,False,09000064b8e50b63
OPM-2025-0007-0720,Comment from Anonymous,2025-07-03T04:00:00Z,2025-07-03T19:40:08Z,OPM,Public Submission,False,09000064b8e50b64
OPM-2025-0007-0721,Comment from american patriot,2025-07-03T04:00:00Z,2025-07-03T19:40:09Z,OPM,Public Submission,False,09000064b8e50bc8
OPM-2025-0007-0723,Comment from Anonymous,2025-07-03T04:00:00Z,2025-07-03T19:40:11Z,OPM,Public Submission,False,09000064b8e50bd5
OPM-2025-0007-1261,Comment from Anna  Soto,2025-07-07T04:00:00Z,2025-07-07T23:24:51Z,OPM,Public Submission,False,09000064b8e4dfa8
OPM-2025-0007-1263,Comment from Anonymous,2025-07-07T04:00:00Z,2025-07-07T23:26:48Z,OPM,Public Submission,False,09000064b8e4dfe8
OPM-2025-0007-1266,Comment from henry locke,2025-07-07T04:00:00Z,2025-07-08T01:08:35Z,OPM,Public Submission,False,09000064b8e4e01c
OPM-2025-0007-1264,Comment from Anonymous,2025-07-07T04:00:00Z,2025-07-08T00:01:38Z,OPM,Public Submission,False,09000064b8e4dfef
OPM-2025-0007-1265,Comment from Donsux  Putindick,2025-07-07T04:00:00Z,2025-07-08T00:06:31Z,OPM,Public Submission,False,09000064b8e4dff3
OPM-2025-0007-1269,Comment from Lara Dicus,2025-07-07T04:00:00Z,2025-07-08T01:16:40Z,OPM,Public Submission,False,09000064b8e4e059
OPM-2025-0007-1270,Comment from Anonymous,2025-07-07T04:00:00Z,2025-07-08T01:17:25Z,OPM,Public Submission,False,09000064b8e4e05f
OPM-2025-0007-1273,Comment from Anonymous,2025-07-07T04:00:00Z,2025-07-08T01:20:35Z,OPM,Public Submission,False,09000064b8e4e0ca
OPM-2025-0007-1275,Comment from D. L.,2025-07-07T04:00:00Z,2025-07-08T01:22:34Z,OPM,Public Submission,False,09000064b8e50d19
OPM-2025-0007-1289,Comment from Alyssa Reuter,2025-07-07T04:00:00Z,2025-07-08T01:47:38Z,OPM,Public Submission,False,09000064b8e4e47d
OPM-2025-0007-1292,Comment from Anonymous,2025-07-07T04:00:00Z,2025-07-08T01:50:01Z,OPM,Public Submission,False,09000064b8e548e8
OPM-2025-0007-1293,Comment from Anonymous,2025-07-07T04:00:00Z,2025-07-08T01:54:47Z,OPM,Public Submission,False,09000064b8e548ee
OPM-2025-0007-1298,Comment from Anonymous anyonymous,2025-07-07T04:00:00Z,2025-07-08T01:58:07Z,OPM,Public Submission,False,09000064b8e54a45
OPM-2025-0007-1299,Comment from Anonymous,2025-07-07T04:00:00Z,2025-07-08T01:58:52Z,OPM,Public Submission,False,09000064b8e54f95
OPM-2025-0007-1287,Comment from Benjamin  Anderson,2025-07-07T04:00:00Z,2025-07-08T01:44:48Z,OPM,Public Submission,False,09000064b8e4e42d
OPM-2025-0007-1285,Comment from Anonymous,2025-07-07T04:00:00Z,2025-07-08T01:39:08Z,OPM,Public Submission,False,09000064b8e4e3db
OPM-2025-0007-1280,Comment from Anonymous,2025-07-07T04:00:00Z,2025-07-08T01:32:01Z,OPM,Public Submission,False,09000064b8e50c3b
OPM-2025-0007-1302,Comment from P Kittell,2025-07-08T04:00:00Z,2025-07-08T17:53:11Z,OPM,Public Submission,False,09000064b8e57ecf
OPM-2025-0007-0029,Comment from Anonymous,2025-06-06T04:00:00Z,2025-06-06T22:12:47Z,OPM,Public Submission,False,09000064b8dd9bdd
OPM-2025-0007-0031,Comment from Anonymous,2025-06-06T04:00:00Z,2025-06-06T22:14:54Z,OPM,Public Submission,False,09000064b8dd9f92
OPM-2025-0007-0007,Comment from Scott M,2025-06-04T04:00:00Z,2025-06-04T18:30:35Z,OPM,Public Submission,False,09000064b8dd58d8
OPM-2025-0007-0005,Comment from Anonymous,2025-06-04T04:00:00Z,2025-06-04T18:30:34Z,OPM,Public Submission,False,09000064b8dd6631
OPM-2025-0007-0018,Comment from Anonymous,2025-06-05T04:00:00Z,2025-06-05T18:05:23Z,OPM,Public Submission,False,09000064b8dd9266
OPM-2025-0007-0011,Comment from Anonymous,2025-06-05T04:00:00Z,2025-06-05T18:05:20Z,OPM,Public Submission,False,09000064b8dd9587
OPM-2025-0007-0012,Comment from J S,2025-06-05T04:00:00Z,2025-06-05T18:05:20Z,OPM,Public Submission,False,09000064b8dd8842
OPM-2025-0007-0048,Comment from Mitchell Berger,2025-06-09T04:00:00Z,2025-06-09T23:21:18Z,OPM,Public Submission,False,09000064b8de1041
OPM-2025-0007-0041,Comment from Anonymous,2025-06-09T04:00:00Z,2025-06-09T15:48:18Z,OPM,Public Submission,False,09000064b8de22df
OPM-2025-0007-0046,Comment from Anonymous,2025-06-09T04:00:00Z,2025-06-09T15:48:20Z,OPM,Public Submission,False,09000064b8de28d6
OPM-2025-0007-0036,Comment from F G,2025-06-09T04:00:00Z,2025-06-09T15:48:17Z,OPM,Public Submission,False,09000064b8de29af
OPM-2025-0007-0037,Comment from Anonymous,2025-06-09T04:00:00Z,2025-06-09T15:48:17Z,OPM,Public Submission,False,09000064b8de2b56
OPM-2025-0007-0039,Comment from Anonymous,2025-06-09T04:00:00Z,2025-06-09T15:48:18Z,OPM,Public Submission,False,09000064b8de2ef0
OPM-2025-0007-0038,Comment from Anonymous,2025-06-09T04:00:00Z,2025-06-09T15:48:18Z,OPM,Public Submission,False,09000064b8de3161
OPM-2025-0007-0025,Comment from Anonymous,2025-06-06T04:00:00Z,2025-06-06T15:35:54Z,OPM,Public Submission,False,09000064b8ddd6da
OPM-2025-0007-0063,Comment from Anonymous,2025-06-11T04:00:00Z,2025-06-11T18:21:54Z,OPM,Public Submission,False,09000064b8df672e
OPM-2025-0007-0065,Comment from Anonymous,2025-06-11T04:00:00Z,2025-06-12T02:08:43Z,OPM,Public Submission,False,09000064b8df9081
OPM-2025-0007-0070,Comment from Scott Cronkrite,2025-06-12T04:00:00Z,2025-06-12T14:49:36Z,OPM,Public Submission,False,09000064b8df98cf
OPM-2025-0007-0066,Comment from Anonymous,2025-06-12T04:00:00Z,2025-06-12T14:36:54Z,OPM,Public Submission,False,09000064b8df63eb
OPM-2025-0007-0675,Comment from Anonymous,2025-07-03T04:00:00Z,2025-07-03T18:56:07Z,OPM,Public Submission,False,09000064b8e4c8b6
OPM-2025-0007-0676,Comment from Patricia Corry,2025-07-03T04:00:00Z,2025-07-03T18:56:07Z,OPM,Public Submission,False,09000064b8e4d0ed
OPM-2025-0007-0677,Comment from Anonymous,2025-07-03T04:00:00Z,2025-07-03T18:56:08Z,OPM,Public Submission,False,09000064b8e4d0f8
OPM-2025-0007-0680,Comment from Jacquelyn  Tubbs,2025-07-03T04:00:00Z,2025-07-03T18:56:09Z,OPM,Public Submission,False,09000064b8e4d0ff
OPM-2025-0007-0686,Comment from R B,2025-07-03T04:00:00Z,2025-07-03T18:56:10Z,OPM,Public Submission,False,09000064b8e4d7e4
OPM-2025-0007-0688,Comment from Anonymous,2025-07-03T04:00:00Z,2025-07-03T18:56:11Z,OPM,Public Submission,False,09000064b8e4d7e9
OPM-2025-0007-0730,Comment from David Leister,2025-07-03T04:00:00Z,2025-07-03T19:40:18Z,OPM,Public Submission,False,09000064b8e4d828
OPM-2025-0007-0703,Comment from Suzette  McNeil,2025-07-03T04:00:00Z,2025-07-03T19:39:53Z,OPM,Public Submission,False,09000064b8e4da53
OPM-2025-0007-0709,Comment from Anonymous,2025-07-03T04:00:00Z,2025-07-03T19:39:59Z,OPM,Public Submission,False,09000064b8e4dab1
OPM-2025-0007-0711,Comment from Margaret Moore,2025-07-03T04:00:00Z,2025-07-03T19:40:00Z,OPM,Public Submission,False,09000064b8e4daba
OPM-2025-0007-0718,Comment from Anonymous,2025-07-03T04:00:00Z,2025-07-03T19:40:07Z,OPM,Public Submission,False,09000064b8e50b62
OPM-2025-0007-0722,Comment from Anonymous,2025-07-03T04:00:00Z,2025-07-03T19:40:10Z,OPM,Public Submission,False,09000064b8e50bcf
OPM-2025-0007-0724,Comment from Anonymous,2025-07-03T04:00:00Z,2025-07-03T19:40:12Z,OPM,Public Submission,False,09000064b8e50bd8
OPM-2025-0007-0728,Comment from Anonymous,2025-07-03T04:00:00Z,2025-07-03T19:40:16Z,OPM,Public Submission,False,09000064b8e50bed
OPM-2025-0007-0903,Comment from Pissed off  Citizen,2025-07-03T04:00:00Z,2025-07-03T22:31:05Z,OPM,Public Submission,False,09000064b8e4e0bb
OPM-2025-0007-0892,Comment from Karl Veggerby,2025-07-03T04:00:00Z,2025-07-03T22:30:57Z,OPM,Public Submission,False,09000064b8e4e0a6
OPM-2025-0007-0894,Comment from Anonymous,2025-07-03T04:00:00Z,2025-07-03T22:30:58Z,OPM,Public Submission,False,09000064b8e4e0a8
OPM-2025-0007-0970,Comment from Brian Wittwer,2025-07-03T04:00:00Z,2025-07-03T22:31:58Z,OPM,Public Submission,False,09000064b8e4e388
OPM-2025-0007-0900,Comment from Anonymous,2025-07-03T04:00:00Z,2025-07-03T22:31:03Z,OPM,Public Submission,False,09000064b8e4e0b1
OPM-2025-0007-1005,Comment from Jennifer Castaneda,2025-07-03T04:00:00Z,2025-07-03T22:32:25Z,OPM,Public Submission,False,09000064b8e53df5
OPM-2025-0007-0844,Comment from Anonymous,2025-07-03T04:00:00Z,2025-07-03T22:30:15Z,OPM,Public Submission,False,09000064b8e4e025
OPM-2025-0007-0971,Comment from Anonymous,2025-07-03T04:00:00Z,2025-07-03T22:31:59Z,OPM,Public Submission,False,09000064b8e4e38b
OPM-2025-0007-0965,Comment from Anonymous,2025-07-03T04:00:00Z,2025-07-03T22:31:54Z,OPM,Public Submission,False,09000064b8e5114c
OPM-2025-0007-0962,Comment from Anonymous,2025-07-03T04:00:00Z,2025-07-03T22:31:52Z,OPM,Public Submission,False,09000064b8e51128
OPM-2025-0007-0861,Comment from Anonymous,2025-07-03T04:00:00Z,2025-07-03T22:30:32Z,OPM,Public Submission,False,09000064b8e4e068
OPM-2025-0007-0966,Comment from Anonymous,2025-07-03T04:00:00Z,2025-07-03T22:31:55Z,OPM,Public Submission,False,09000064b8e51152
OPM-2025-0007-0863,Comment from Anonymous,2025-07-03T04:00:00Z,2025-07-03T22:30:34Z,OPM,Public Submission,False,09000064b8e4e06a
OPM-2025-0007-0865,Comment from Kelly Hayes,2025-07-03T04:00:00Z,2025-07-03T22:30:36Z,OPM,Public Submission,False,09000064b8e4e06c
OPM-2025-0007-1021,Comment from David Swan,2025-07-03T04:00:00Z,2025-07-03T22:32:38Z,OPM,Public Submission,False,09000064b8e5460d
OPM-2025-0007-0871,Comment from Anonymous,2025-07-03T04:00:00Z,2025-07-03T22:30:40Z,OPM,Public Submission,False,09000064b8e4e072
OPM-2025-0007-1033,Comment from Rob Heise,2025-07-03T04:00:00Z,2025-07-03T22:32:48Z,OPM,Public Submission,False,09000064b8e54d3d
OPM-2025-0007-0879,Comment from Anonymous,2025-07-03T04:00:00Z,2025-07-03T22:30:47Z,OPM,Public Submission,False,09000064b8e4e083
OPM-2025-0007-0920,Comment from Anonymous,2025-07-03T04:00:00Z,2025-07-03T22:31:19Z,OPM,Public Submission,False,09000064b8e50d12
OPM-2025-0007-0890,Comment from Anonymous,2025-07-03T04:00:00Z,2025-07-03T22:30:55Z,OPM,Public Submission,False,09000064b8e4e0a4
OPM-2025-0007-0907,Comment from Anonymous,2025-07-03T04:00:00Z,2025-07-03T22:31:09Z,OPM,Public Submission,False,09000064b8e4e0c7
OPM-2025-0007-0911,Comment from Deirdre Launt,2025-07-03T04:00:00Z,2025-07-03T22:31:12Z,OPM,Public Submission,False,09000064b8e4e0d2
OPM-2025-0007-1020,Comment from Anonymous,2025-07-03T04:00:00Z,2025-07-03T22:32:37Z,OPM,Public Submission,False,09000064b8e545fc
OPM-2025-0007-0989,Comment from Nick Thomas,2025-07-03T04:00:00Z,2025-07-03T22:32:13Z,OPM,Public Submission,False,09000064b8e4e430
OPM-2025-0007-0950,Comment from R G,2025-07-03T04:00:00Z,2025-07-03T22:31:42Z,OPM,Public Submission,False,09000064b8e50c7b
OPM-2025-0007-0869,Comment from Anonymous,2025-07-03T04:00:00Z,2025-07-03T22:30:39Z,OPM,Public Submission,False,09000064b8e4e070
OPM-2025-0007-0895,Comment from M. M. Hart,2025-07-03T04:00:00Z,2025-07-03T22:30:59Z,OPM,Public Submission,False,09000064b8e4e0aa
OPM-2025-0007-0979,Comment from Anonymous,2025-07-03T04:00:00Z,2025-07-03T22:32:05Z,OPM,Public Submission,False,09000064b8e4e3d9
OPM-2025-0007-0916,Comment from Tyler Keen,2025-07-03T04:00:00Z,2025-07-03T22:31:15Z,OPM,Public Submission,False,09000064b8e508ed
OPM-2025-0007-0826,Comment from Kai Gallagher,2025-07-03T04:00:00Z,2025-07-03T22:30:01Z,OPM,Public Submission,False,09000064b8e4e004
OPM-2025-0007-0881,Comment from Tara F,2025-07-03T04:00:00Z,2025-07-03T22:30:48Z,OPM,Public Submission,False,09000064b8e4e08a
OPM-2025-0007-0934,Comment from Anonymous,2025-07-03T04:00:00Z,2025-07-03T22:31:30Z,OPM,Public Submission,False,09000064b8e4e29d
OPM-2025-0007-0839,Comment from Anonymous,2025-07-03T04:00:00Z,2025-07-03T22:30:11Z,OPM,Public Submission,False,09000064b8e4e01d
OPM-2025-0007-0841,Comment from Anonymous,2025-07-03T04:00:00Z,2025-07-03T22:30:13Z,OPM,Public Submission,False,09000064b8e4e01f
OPM-2025-0007-0978,Comment from Jeff Walenta,2025-07-03T04:00:00Z,2025-07-03T22:32:04Z,OPM,Public Submission,False,09000064b8e4e3d0
OPM-2025-0007-0842,Comment from Anonymous  Citizen,2025-07-03T04:00:00Z,2025-07-03T22:30:14Z,OPM,Public Submission,False,09000064b8e4e022
OPM-2025-0007-0973,Comment from Anonymous,2025-07-03T04:00:00Z,2025-07-03T22:32:00Z,OPM,Public Submission,False,09000064b8e4e3b3
OPM-2025-0007-0851,Comment from Nydia Caballero,2025-07-03T04:00:00Z,2025-07-03T22:30:21Z,OPM,Public Submission,False,09000064b8e4e03e
OPM-2025-0007-0987,Comment from Amber Amber,2025-07-03T04:00:00Z,2025-07-03T22:32:11Z,OPM,Public Submission,False,09000064b8e4e416
OPM-2025-0007-1013,Comment from Anonymous,2025-07-03T04:00:00Z,2025-07-03T22:32:32Z,OPM,Public Submission,False,09000064b8e5409f
OPM-2025-0007-1003,Comment from Anonymous,2025-07-03T04:00:00Z,2025-07-03T22:32:24Z,OPM,Public Submission,False,09000064b8e535d7
OPM-2025-0007-1032,Comment from Anonymous,2025-07-03T04:00:00Z,2025-07-03T22:32:47Z,OPM,Public Submission,False,09000064b8e54d2f
OPM-2025-0007-0877,Comment from Anonymous,2025-07-03T04:00:00Z,2025-07-03T22:30:45Z,OPM,Public Submission,False,09000064b8e4e07d
OPM-2025-0007-0833,Comment from Anonymous,2025-07-03T04:00:00Z,2025-07-03T22:30:06Z,OPM,Public Submission,False,09000064b8e4e010
OPM-2025-0007-0899,Comment from Anonymous  Citizen,2025-07-03T04:00:00Z,2025-07-03T22:31:02Z,OPM,Public Submission,False,09000064b8e4e0b0
OPM-2025-0007-0837,Comment from Anonymous,2025-07-03T04:00:00Z,2025-07-03T22:30:09Z,OPM,Public Submission,False,09000064b8e4e019
OPM-2025-0007-0930,Comment from Anonymous,2025-07-03T04:00:00Z,2025-07-03T22:31:27Z,OPM,Public Submission,False,09000064b8e4e0da
OPM-2025-0007-0846,Comment from Henry Shieh,2025-07-03T04:00:00Z,2025-07-03T22:30:17Z,OPM,Public Submission,False,09000064b8e4e02c
OPM-2025-0007-0975,Comment from Anonymous,2025-07-03T04:00:00Z,2025-07-03T22:32:02Z,OPM,Public Submission,False,09000064b8e4e3b8
OPM-2025-0007-0856,Comment from Anonymous,2025-07-03T04:00:00Z,2025-07-03T22:30:24Z,OPM,Public Submission,False,09000064b8e4e056
OPM-2025-0007-0958,Comment from Anonymous,2025-07-03T04:00:00Z,2025-07-03T22:31:49Z,OPM,Public Submission,False,09000064b8e51111
OPM-2025-0007-0860,Comment from Anonymous,2025-07-03T04:00:00Z,2025-07-03T22:30:28Z,OPM,Public Submission,False,09000064b8e4e05e
OPM-2025-0007-1031,Comment from Anonymous,2025-07-03T04:00:00Z,2025-07-03T22:32:46Z,OPM,Public Submission,False,09000064b8e520be
OPM-2025-0007-1007,Comment from Mara Kissinger,2025-07-03T04:00:00Z,2025-07-03T22:32:27Z,OPM,Public Submission,False,09000064b8e53e97
OPM-2025-0007-1016,Comment from Anonymous,2025-07-03T04:00:00Z,2025-07-03T22:32:34Z,OPM,Public Submission,False,09000064b8e54570
OPM-2025-0007-1019,Comment from Pete Soudar,2025-07-03T04:00:00Z,2025-07-03T22:32:36Z,OPM,Public Submission,False,09000064b8e545d7
OPM-2025-0007-0875,Comment from Anonymous,2025-07-03T04:00:00Z,2025-07-03T22:30:44Z,OPM,Public Submission,False,09000064b8e4e07a
OPM-2025-0007-0785,Comment from Anonymous,2025-07-03T04:00:00Z,2025-07-03T22:29:29Z,OPM,Public Submission,False,09000064b8e4cce4
OPM-2025-0007-0786,Comment from Anonymous,2025-07-03T04:00:00Z,2025-07-03T22:29:30Z,OPM,Public Submission,False,09000064b8e4df53
OPM-2025-0007-0788,Comment from Kate Neubert,2025-07-03T04:00:00Z,2025-07-03T22:29:31Z,OPM,Public Submission,False,09000064b8e4df58
OPM-2025-0007-0789,Comment from Anonymous,2025-07-03T04:00:00Z,2025-07-03T22:29:32Z,OPM,Public Submission,False,09000064b8e4df59
OPM-2025-0007-0790,Comment from Anonymous,2025-07-03T04:00:00Z,2025-07-03T22:29:33Z,OPM,Public Submission,False,09000064b8e4df5c
OPM-2025-0007-0794,Comment from R Mitsch,2025-07-03T04:00:00Z,2025-07-03T22:29:36Z,OPM,Public Submission,False,09000064b8e4df6b
OPM-2025-0007-0797,Comment from Anonymous,2025-07-03T04:00:00Z,2025-07-03T22:29:38Z,OPM,Public Submission,False,09000064b8e4df70
OPM-2025-0007-0802,Comment from Nic R,2025-07-03T04:00:00Z,2025-07-03T22:29:42Z,OPM,Public Submission,False,09000064b8e4df95
OPM-2025-0007-0805,Comment from K F,2025-07-03T04:00:00Z,2025-07-03T22:29:45Z,OPM,Public Submission,False,09000064b8e4df9b
OPM-2025-0007-0806,Comment from Anonymous,2025-07-03T04:00:00Z,2025-07-03T22:29:45Z,OPM,Public Submission,False,09000064b8e4df9f
OPM-2025-0007-0809,Comment from Anonymous,2025-07-03T04:00:00Z,2025-07-03T22:29:48Z,OPM,Public Submission,False,09000064b8e4dfaf
OPM-2025-0007-0810,Comment from Anonymous,2025-07-03T04:00:00Z,2025-07-03T22:29:48Z,OPM,Public Submission,False,09000064b8e4dfb1
OPM-2025-0007-0813,Comment from Anonymous,2025-07-03T04:00:00Z,2025-07-03T22:29:51Z,OPM,Public Submission,False,09000064b8e4dfec
OPM-2025-0007-0815,Comment from Anonymous,2025-07-03T04:00:00Z,2025-07-03T22:29:52Z,OPM,Public Submission,False,09000064b8e4dfee
OPM-2025-0007-0816,Comment from Do not submit personal id information,2025-07-03T04:00:00Z,2025-07-03T22:29:53Z,OPM,Public Submission,False,09000064b8e4dff0
OPM-2025-0007-0818,Comment from Jane Hatthaway,2025-07-03T04:00:00Z,2025-07-03T22:29:55Z,OPM,Public Submission,False,09000064b8e4dff7
OPM-2025-0007-0820,Comment from Karen  Sanders,2025-07-03T04:00:00Z,2025-07-03T22:29:56Z,OPM,Public Submission,False,09000064b8e4dffd
OPM-2025-0007-0823,Comment from S Sarnowski,2025-07-03T04:00:00Z,2025-07-03T22:29:59Z,OPM,Public Submission,False,09000064b8e4e000
OPM-2025-0007-0824,Comment from Adrian  Jones,2025-07-03T04:00:00Z,2025-07-03T22:29:59Z,OPM,Public Submission,False,09000064b8e4e001
OPM-2025-0007-0765,Comment from Giovanni Gargano,2025-07-03T04:00:00Z,2025-07-03T22:29:13Z,OPM,Public Submission,False,09000064b8e508a7
OPM-2025-0007-0778,Comment from Anonymous,2025-07-03T04:00:00Z,2025-07-03T22:29:23Z,OPM,Public Submission,False,09000064b8e508d0
OPM-2025-0007-0781,Comment from Anonymous,2025-07-03T04:00:00Z,2025-07-03T22:29:26Z,OPM,Public Submission,False,09000064b8e508df
OPM-2025-0007-0782,Comment from F M.,2025-07-03T04:00:00Z,2025-07-03T22:29:27Z,OPM,Public Submission,False,09000064b8e508e8
OPM-2025-0007-0812,Comment from Michael King,2025-07-03T04:00:00Z,2025-07-03T22:29:50Z,OPM,Public Submission,False,09000064b8e4dfb4
OPM-2025-0007-0982,Comment from Anonymous,2025-07-03T04:00:00Z,2025-07-03T22:32:07Z,OPM,Public Submission,False,09000064b8e4e3e8
OPM-2025-0007-1048,Comment from Raymond Direito,2025-07-07T04:00:00Z,2025-07-07T14:48:27Z,OPM,Public Submission,False,09000064b8e4c343
OPM-2025-0007-1049,Comment from Emily Erickson,2025-07-07T04:00:00Z,2025-07-07T14:53:19Z,OPM,Public Submission,False,09000064b8e4ce96
OPM-2025-0007-1039,Comment from Anonymous,2025-07-07T04:00:00Z,2025-07-07T14:30:30Z,OPM,Public Submission,False,09000064b8e4caf4
OPM-2025-0007-1046,Comment from Anonymous,2025-07-07T04:00:00Z,2025-07-07T14:44:34Z,OPM,Public Submission,False,09000064b8e4ce59
OPM-2025-0007-1054,Comment from Anonymous,2025-07-07T04:00:00Z,2025-07-07T15:09:19Z,OPM,Public Submission,False,09000064b8e4c860
OPM-2025-0007-1047,Comment from Anonymous,2025-07-07T04:00:00Z,2025-07-07T14:46:06Z,OPM,Public Submission,False,09000064b8e4cbdc
OPM-2025-0007-1069,Comment from Anonymous,2025-07-07T04:00:00Z,2025-07-07T15:40:45Z,OPM,Public Submission,False,09000064b8e55970
OPM-2025-0007-1073,Comment from Fred Berman,2025-07-07T04:00:00Z,2025-07-07T15:49:03Z,OPM,Public Submission,False,09000064b8e4e13a
OPM-2025-0007-1058,Comment from Center for American Progress,2025-07-07T04:00:00Z,2025-07-07T15:18:08Z,OPM,Public Submission,False,09000064b8e4e119
OPM-2025-0007-1067,Comment from Public Employees for Environmental Responsibility,2025-07-07T04:00:00Z,2025-07-07T15:38:50Z,OPM,Public Submission,False,09000064b8e5593f
OPM-2025-0007-1121,Comment from Anonymous,2025-07-07T04:00:00Z,2025-07-07T17:59:05Z,OPM,Public Submission,False,09000064b8e54bd0
OPM-2025-0007-1120,Comment from Anonymous,2025-07-07T04:00:00Z,2025-07-07T17:57:46Z,OPM,Public Submission,False,09000064b8e54bd6
OPM-2025-0007-1119,Comment from Anonymous,2025-07-07T04:00:00Z,2025-07-07T17:56:22Z,OPM,Public Submission,False,09000064b8e54c1a
OPM-2025-0007-1117,Comment from Anonymous,2025-07-07T04:00:00Z,2025-07-07T17:54:19Z,OPM,Public Submission,False,09000064b8e56182
OPM-2025-0007-1115,Comment from Roger Andrascik,2025-07-07T04:00:00Z,2025-07-07T17:50:34Z,OPM,Public Submission,False,09000064b8e561fa
OPM-2025-0007-1106,Comment from Woody Pfister,2025-07-07T04:00:00Z,2025-07-07T17:38:16Z,OPM,Public Submission,False,09000064b8e56653
OPM-2025-0007-1086,Comment from Anonymous,2025-07-07T04:00:00Z,2025-07-07T17:00:09Z,OPM,Public Submission,False,09000064b8e4dfc3
OPM-2025-0007-1090,Comment from E N,2025-07-07T04:00:00Z,2025-07-07T17:11:15Z,OPM,Public Submission,False,09000064b8e4dfc8
OPM-2025-0007-1089,Comment from Anonymous  Anonymous,2025-07-07T04:00:00Z,2025-07-07T17:09:53Z,OPM,Public Submission,False,09000064b8e4dfc7
OPM-2025-0007-1092,Comment from Anonymous,2025-07-07T04:00:00Z,2025-07-07T17:13:50Z,OPM,Public Submission,False,09000064b8e4dfd4
OPM-2025-0007-1124,Comment from Zachary Meyer,2025-07-07T04:00:00Z,2025-07-07T18:05:01Z,OPM,Public Submission,False,09000064b8e55b0f
OPM-2025-0007-0736,Comment from Anonymous,2025-07-03T04:00:00Z,2025-07-03T20:30:25Z,OPM,Public Submission,False,09000064b8e5080f
OPM-2025-0007-0733,Comment from Anita Chow,2025-07-03T04:00:00Z,2025-07-03T20:30:23Z,OPM,Public Submission,False,09000064b8e50808
OPM-2025-0007-0742,Comment from Kathryn Jones,2025-07-03T04:00:00Z,2025-07-03T20:30:30Z,OPM,Public Submission,False,09000064b8e5085c
OPM-2025-0007-0749,Comment from Anonymous,2025-07-03T04:00:00Z,2025-07-03T20:30:35Z,OPM,Public Submission,False,09000064b8e5086b
OPM-2025-0007-0750,Comment from Stephanie Eytcheson,2025-07-03T04:00:00Z,2025-07-03T20:30:35Z,OPM,Public Submission,False,09000064b8e5086d
OPM-2025-0007-0751,Comment from Anonymous,2025-07-03T04:00:00Z,2025-07-03T20:30:36Z,OPM,Public Submission,False,09000064b8e50873
OPM-2025-0007-0755,Comment from Anonymous,2025-07-03T04:00:00Z,2025-07-03T20:30:40Z,OPM,Public Submission,False,09000064b8e50883
OPM-2025-0007-0745,Comment from Anonymous,2025-07-03T04:00:00Z,2025-07-03T20:30:32Z,OPM,Public Submission,False,09000064b8e50867
OPM-2025-0007-0738,Comment from Anonymous,2025-07-03T04:00:00Z,2025-07-03T20:30:27Z,OPM,Public Submission,False,09000064b8e50814
OPM-2025-0007-0756,Comment from Anonymous,2025-07-03T04:00:00Z,2025-07-03T20:30:41Z,OPM,Public Submission,False,09000064b8e50884
OPM-2025-0007-0758,Comment from Michael  Langley,2025-07-03T04:00:00Z,2025-07-03T20:30:42Z,OPM,Public Submission,False,09000064b8e50888
OPM-2025-0007-0760,Comment from James Allison,2025-07-03T04:00:00Z,2025-07-03T20:30:44Z,OPM,Public Submission,False,09000064b8e50894
OPM-2025-0007-1085,Comment from Anonymous,2025-07-07T04:00:00Z,2025-07-07T16:58:32Z,OPM,Public Submission,False,09000064b8e4dfc1
OPM-2025-0007-1077,Comment from Chris Pula,2025-07-07T04:00:00Z,2025-07-07T16:37:35Z,OPM,Public Submission,False,09000064b8e5087f
OPM-2025-0007-1140,Comment from Anonymous,2025-07-07T04:00:00Z,2025-07-07T20:58:38Z,OPM,Public Submission,False,09000064b8e50d2d
OPM-2025-0007-1141,Comment from Anonymous,2025-07-07T04:00:00Z,2025-07-07T20:58:38Z,OPM,Public Submission,False,09000064b8e50d31
OPM-2025-0007-1142,Comment from Blake Dore,2025-07-07T04:00:00Z,2025-07-07T20:58:39Z,OPM,Public Submission,False,09000064b8e50d34
OPM-2025-0007-1179,Comment from Anonymous,2025-07-07T04:00:00Z,2025-07-07T20:59:17Z,OPM,Public Submission,False,09000064b8e51e96
OPM-2025-0007-1202,Comment from Anonymous,2025-07-07T04:00:00Z,2025-07-07T20:59:40Z,OPM,Public Submission,False,09000064b8e5281b
OPM-2025-0007-1203,Comment from Rachel Sloan,2025-07-07T04:00:00Z,2025-07-07T20:59:41Z,OPM,Public Submission,False,09000064b8e5282f
OPM-2025-0007-1204,Comment from Rachel Sloan,2025-07-07T04:00:00Z,2025-07-07T20:59:42Z,OPM,Public Submission,False,09000064b8e52830
OPM-2025-0007-1154,Comment from Mark Styczynski,2025-07-07T04:00:00Z,2025-07-07T20:58:52Z,OPM,Public Submission,False,09000064b8e50bf3
OPM-2025-0007-1158,Comment from Nikki W,2025-07-07T04:00:00Z,2025-07-07T20:58:56Z,OPM,Public Submission,False,09000064b8e50c14
OPM-2025-0007-1161,Comment from Anonymous,2025-07-07T04:00:00Z,2025-07-07T20:58:59Z,OPM,Public Submission,False,09000064b8e50c19
OPM-2025-0007-1193,Comment from Anonymous,2025-07-07T04:00:00Z,2025-07-07T20:59:31Z,OPM,Public Submission,False,09000064b8e55263
OPM-2025-0007-1177,Comment from Anonymous,2025-07-07T04:00:00Z,2025-07-07T20:59:15Z,OPM,Public Submission,False,09000064b8e54841
OPM-2025-0007-1222,Comment from Anonymous,2025-07-07T04:00:00Z,2025-07-07T21:00:00Z,OPM,Public Submission,False,09000064b8e54e44
OPM-2025-0007-1191,Comment from Anonymous,2025-07-07T04:00:00Z,2025-07-07T20:59:29Z,OPM,Public Submission,False,09000064b8e55246
OPM-2025-0007-1192,Comment from Anonymous,2025-07-07T04:00:00Z,2025-07-07T20:59:30Z,OPM,Public Submission,False,09000064b8e5524f
OPM-2025-0007-1194,Comment from Marissa Mota,2025-07-07T04:00:00Z,2025-07-07T20:59:32Z,OPM,Public Submission,False,09000064b8e55279
OPM-2025-0007-1196,Comment from Peri Sasnett,2025-07-07T04:00:00Z,2025-07-07T20:59:34Z,OPM,Public Submission,False,09000064b8e5535d
OPM-2025-0007-1213,Comment from Anonymous,2025-07-07T04:00:00Z,2025-07-07T20:59:51Z,OPM,Public Submission,False,09000064b8e559dd
OPM-2025-0007-1219,Comment from Anonymous,2025-07-07T04:00:00Z,2025-07-07T20:59:57Z,OPM,Public Submission,False,09000064b8e55acb
OPM-2025-0007-1175,Comment from Anonymous,2025-07-07T04:00:00Z,2025-07-07T20:59:13Z,OPM,Public Submission,False,09000064b8e5471a
OPM-2025-0007-1195,Comment from Anonymous,2025-07-07T04:00:00Z,2025-07-07T20:59:33Z,OPM,Public Submission,False,09000064b8e55292
OPM-2025-0007-1176,Comment from Anonymous,2025-07-07T04:00:00Z,2025-07-07T20:59:14Z,OPM,Public Submission,False,09000064b8e5481b
OPM-2025-0007-1212,Comment from Jennifer Rodehaver,2025-07-07T04:00:00Z,2025-07-07T20:59:50Z,OPM,Public Submission,False,09000064b8e559cc
OPM-2025-0007-1131,Comment from Donald Trump,2025-07-07T04:00:00Z,2025-07-07T20:58:27Z,OPM,Public Submission,False,09000064b8e4c33b
OPM-2025-0007-1201,Comment from Anonymous,2025-07-07T04:00:00Z,2025-07-07T20:59:39Z,OPM,Public Submission,False,09000064b8e52807
OPM-2025-0007-1205,Comment from Anonymous,2025-07-07T04:00:00Z,2025-07-07T20:59:43Z,OPM,Public Submission,False,09000064b8e52861
OPM-2025-0007-1208,Comment from Alexander Macomber,2025-07-07T04:00:00Z,2025-07-07T20:59:46Z,OPM,Public Submission,False,09000064b8e5289d
OPM-2025-0007-1147,Comment from Anonymous,2025-07-07T04:00:00Z,2025-07-07T20:58:45Z,OPM,Public Submission,False,09000064b8e50d3a
OPM-2025-0007-1130,Comment from Anonymous,2025-07-07T04:00:00Z,2025-07-07T20:58:26Z,OPM,Public Submission,False,09000064b8e4cac8
OPM-2025-0007-1134,Comment from Anonymous,2025-07-07T04:00:00Z,2025-07-07T20:58:31Z,OPM,Public Submission,False,09000064b8e50be3
OPM-2025-0007-1155,Comment from Johnny Brayson,2025-07-07T04:00:00Z,2025-07-07T20:58:53Z,OPM,Public Submission,False,09000064b8e50bf6
OPM-2025-0007-1209,Comment from Anonymous,2025-07-07T04:00:00Z,2025-07-07T20:59:47Z,OPM,Public Submission,False,09000064b8e528c8
OPM-2025-0007-1232,Comment from Mary Calhoun,2025-07-07T04:00:00Z,2025-07-07T21:00:11Z,OPM,Public Submission,False,09000064b8e54eb8
OPM-2025-0007-1236,Comment from S Q,2025-07-07T04:00:00Z,2025-07-07T21:00:14Z,OPM,Public Submission,False,09000064b8e54f1d
OPM-2025-0007-1238,Comment from Alia Mahmud,2025-07-07T04:00:00Z,2025-07-07T21:00:16Z,OPM,Public Submission,False,09000064b8e54f55
OPM-2025-0007-1242,Comment from Anonymous,2025-07-07T04:00:00Z,2025-07-07T21:00:20Z,OPM,Public Submission,False,09000064b8e549dc
OPM-2025-0007-1243,Comment from Anonymous,2025-07-07T04:00:00Z,2025-07-07T21:00:21Z,OPM,Public Submission,False,09000064b8e549ef
OPM-2025-0007-1244,Comment from Zachary Grider,2025-07-07T04:00:00Z,2025-07-07T21:00:22Z,OPM,Public Submission,False,09000064b8e549fc
OPM-2025-0007-1245,Comment from Anonymous,2025-07-07T04:00:00Z,2025-07-07T21:00:23Z,OPM,Public Submission,False,09000064b8e54a02
OPM-2025-0007-1223,Comment from Anonymous,2025-07-07T04:00:00Z,2025-07-07T21:00:01Z,OPM,Public Submission,False,09000064b8e54e56
OPM-2025-0007-1224,Comment from Anonymous,2025-07-07T04:00:00Z,2025-07-07T21:00:02Z,OPM,Public Submission,False,09000064b8e54e5f
OPM-2025-0007-1229,Comment from Anonymous,2025-07-07T04:00:00Z,2025-07-07T21:00:07Z,OPM,Public Submission,False,09000064b8e54e8a
OPM-2025-0007-1231,Comment from Janet Cushing,2025-07-07T04:00:00Z,2025-07-07T21:00:10Z,OPM,Public Submission,False,09000064b8e54eb0
OPM-2025-0007-0095,Comment from Loyal American,2025-06-12T04:00:00Z,2025-06-12T21:18:42Z,OPM,Public Submission,False,09000064b8e0117b
OPM-2025-0007-0094,Comment from Philip Dunn,2025-06-12T04:00:00Z,2025-06-12T21:17:58Z,OPM,Public Submission,False,09000064b8e01169
OPM-2025-0007-0099,Comment from Anonymous,2025-06-12T04:00:00Z,2025-06-12T21:23:02Z,OPM,Public Submission,False,09000064b8e011e3
OPM-2025-0007-0122,Comment from Anonymous,2025-06-12T04:00:00Z,2025-06-12T22:20:08Z,OPM,Public Submission,False,09000064b8e013af
OPM-2025-0007-0104,Comment from Ronald Schmidt,2025-06-12T04:00:00Z,2025-06-12T21:35:18Z,OPM,Public Submission,False,09000064b8e01227
OPM-2025-0007-0106,Comment from Anonymous,2025-06-12T04:00:00Z,2025-06-12T21:38:34Z,OPM,Public Submission,False,09000064b8e0123e
OPM-2025-0007-0108,Comment from Hope Delaware,2025-06-12T04:00:00Z,2025-06-12T21:40:00Z,OPM,Public Submission,False,09000064b8e01256
OPM-2025-0007-0110,Comment from Pam Stalnaker,2025-06-12T04:00:00Z,2025-06-12T21:42:41Z,OPM,Public Submission,False,09000064b8e0125e
OPM-2025-0007-0083,Comment from Marie Malone,2025-06-12T04:00:00Z,2025-06-12T20:56:28Z,OPM,Public Submission,False,09000064b8dffcf7
OPM-2025-0007-0082,Comment from Anonymous,2025-06-12T04:00:00Z,2025-06-12T20:55:58Z,OPM,Public Submission,False,09000064b8dffcec
OPM-2025-0007-0307,Comment from Anonymous,2025-06-16T04:00:00Z,2025-06-16T18:23:59Z,OPM,Public Submission,False,09000064b8e10e80
OPM-2025-0007-0308,Comment from J M,2025-06-16T04:00:00Z,2025-06-16T18:24:28Z,OPM,Public Submission,False,09000064b8e11cca
OPM-2025-0007-0315,Comment from Anonymous,2025-06-16T04:00:00Z,2025-06-17T00:56:37Z,OPM,Public Submission,False,09000064b8e146d5
OPM-2025-0007-0320,Comment from Erin Cassity,2025-06-16T04:00:00Z,2025-06-17T02:09:40Z,OPM,Public Submission,False,09000064b8e152ac
OPM-2025-0007-0436,Comment from Anonymous,2025-06-25T04:00:00Z,2025-06-26T00:49:49Z,OPM,Public Submission,False,09000064b8e308cd
OPM-2025-0007-0437,Comment from Anonymous,2025-06-25T04:00:00Z,2025-06-26T00:50:25Z,OPM,Public Submission,False,09000064b8e308ce
OPM-2025-0007-0447,Comment from Megan Taylor,2025-06-26T04:00:00Z,2025-06-26T19:41:52Z,OPM,Public Submission,False,09000064b8e323de
OPM-2025-0007-0563,Comment from Anonymous,2025-07-01T04:00:00Z,2025-07-01T21:28:10Z,OPM,Public Submission,False,09000064b8e42ecb
OPM-2025-0007-0564,Comment from Sean Anderson,2025-07-01T04:00:00Z,2025-07-01T21:28:56Z,OPM,Public Submission,False,09000064b8e4451d
OPM-2025-0007-0588,Comment from Reilly Reynolds,2025-07-01T04:00:00Z,2025-07-01T22:04:20Z,OPM,Public Submission,False,09000064b8e4a656
OPM-2025-0007-0610,Comment from Anonymous Anonymous,2025-07-01T04:00:00Z,2025-07-01T22:04:36Z,OPM,Public Submission,False,09000064b8e4c538
OPM-2025-0007-0575,Comment from Rachel Moninger,2025-07-01T04:00:00Z,2025-07-01T22:04:11Z,OPM,Public Submission,False,09000064b8e4aaaf
OPM-2025-0007-0597,Comment from Anonymous,2025-07-01T04:00:00Z,2025-07-01T22:04:26Z,OPM,Public Submission,False,09000064b8e4a680
OPM-2025-0007-0602,Comment from Katherine Norquist,2025-07-01T04:00:00Z,2025-07-01T22:04:30Z,OPM,Public Submission,False,09000064b8e4ba03
OPM-2025-0007-0604,Comment from Anonymous,2025-07-01T04:00:00Z,2025-07-01T22:04:31Z,OPM,Public Submission,False,09000064b8e4ba83
OPM-2025-0007-0608,Comment from Matthew Curry,2025-07-01T04:00:00Z,2025-07-01T22:04:34Z,OPM,Public Submission,False,09000064b8e4c07c
OPM-2025-0007-0589,Comment from Anonymous,2025-07-01T04:00:00Z,2025-07-01T22:04:20Z,OPM,Public Submission,False,09000064b8e4a657
OPM-2025-0007-0573,Comment from Anonymous,2025-07-01T04:00:00Z,2025-07-01T22:04:09Z,OPM,Public Submission,False,09000064b8e4a962
OPM-2025-0007-0595,Comment from Ian Stallbridge,2025-07-01T04:00:00Z,2025-07-01T22:04:25Z,OPM,Public Submission,False,09000064b8e4a667
OPM-2025-0007-0583,Comment from Anonymous,2025-07-01T04:00:00Z,2025-07-01T22:04:16Z,OPM,Public Submission,False,09000064b8e4ac60
OPM-2025-0007-0609,Comment from Pam Ayres-McCue,2025-07-01T04:00:00Z,2025-07-01T22:04:35Z,OPM,Public Submission,False,09000064b8e4c52f
OPM-2025-0007-0571,Comment from National Nurses United,2025-07-01T04:00:00Z,2025-07-01T22:04:08Z,OPM,Public Submission,False,09000064b8e49fea
OPM-2025-0007-0607,Comment from Anonymous,2025-07-01T04:00:00Z,2025-07-01T22:04:33Z,OPM,Public Submission,False,09000064b8e4c027
OPM-2025-0007-0594,Comment from Mary Styles,2025-07-01T04:00:00Z,2025-07-01T22:04:24Z,OPM,Public Submission,False,09000064b8e4a65f
OPM-2025-0007-0195,Comment from C B,2025-06-12T04:00:00Z,2025-06-13T05:36:29Z,OPM,Public Submission,False,09000064b8e024db
OPM-2025-0007-0201,Comment from Woodrow Major,2025-06-12T04:00:00Z,2025-06-13T05:43:05Z,OPM,Public Submission,False,09000064b8e02c3f
OPM-2025-0007-0203,Comment from Anonymous,2025-06-12T04:00:00Z,2025-06-13T05:44:29Z,OPM,Public Submission,False,09000064b8e02cd6
OPM-2025-0007-0163,Comment from Melinda  Yerdon,2025-06-12T04:00:00Z,2025-06-13T00:07:59Z,OPM,Public Submission,False,09000064b8e01b69
OPM-2025-0007-0151,Comment from Anonymous,2025-06-12T04:00:00Z,2025-06-12T23:39:31Z,OPM,Public Submission,False,09000064b8e01634
OPM-2025-0007-0144,Comment from Anonymous,2025-06-12T04:00:00Z,2025-06-12T23:31:51Z,OPM,Public Submission,False,09000064b8e01f41
OPM-2025-0007-0145,Comment from Anonymous,2025-06-12T04:00:00Z,2025-06-12T23:32:22Z,OPM,Public Submission,False,09000064b8e01f73
OPM-2025-0007-0186,Comment from Scott Bodenheimer,2025-06-12T04:00:00Z,2025-06-13T05:16:55Z,OPM,Public Submission,False,09000064b8e013fb
OPM-2025-0007-0191,Comment from Geralyn  Leannah,2025-06-12T04:00:00Z,2025-06-13T05:27:58Z,OPM,Public Submission,False,09000064b8e0163b
OPM-2025-0007-0192,Comment from Anonymous,2025-06-12T04:00:00Z,2025-06-13T05:28:41Z,OPM,Public Submission,False,09000064b8e016c3
OPM-2025-0007-0193,Comment from Anonymous,2025-06-12T04:00:00Z,2025-06-13T05:29:15Z,OPM,Public Submission,False,09000064b8e0174f
OPM-2025-0007-0463,Comment from Anonymous,2025-06-27T04:00:00Z,2025-06-27T14:53:47Z,OPM,Public Submission,False,09000064b8e35f94
OPM-2025-0007-0464,Comment from Christopher O'Bleness,2025-06-27T04:00:00Z,2025-06-27T14:55:10Z,OPM,Public Submission,False,09000064b8e36257
OPM-2025-0007-0467,Comment from J E,2025-06-27T04:00:00Z,2025-06-27T14:57:52Z,OPM,Public Submission,False,09000064b8e366d5
OPM-2025-0007-0482,Comment from Anonymous,2025-06-30T04:00:00Z,2025-06-30T17:09:04Z,OPM,Public Submission,False,09000064b8e35689
OPM-2025-0007-0479,Comment from Kristen Silliman,2025-06-30T04:00:00Z,2025-06-30T17:04:09Z,OPM,Public Submission,False,09000064b8e38234
OPM-2025-0007-0484,Comment from Anonymous,2025-06-30T04:00:00Z,2025-06-30T17:14:38Z,OPM,Public Submission,False,09000064b8e3a6a4
OPM-2025-0007-0494,Comment from Thomas DiVincenzo,2025-06-30T04:00:00Z,2025-06-30T17:40:14Z,OPM,Public Submission,False,09000064b8e3d256
OPM-2025-0007-0495,Comment from Josh Maleitzke,2025-06-30T04:00:00Z,2025-06-30T17:52:26Z,OPM,Public Submission,False,09000064b8e3d4d1
OPM-2025-0007-0496,Comment from Kathleen Hart,2025-06-30T04:00:00Z,2025-06-30T17:54:39Z,OPM,Public Submission,False,09000064b8e3f51e
OPM-2025-0007-0498,Comment from Bernard  Vahlkamp,2025-06-30T04:00:00Z,2025-06-30T17:58:56Z,OPM,Public Submission,False,09000064b8e3f72f
OPM-2025-0007-0514,Comment from Anonymous,2025-06-30T04:00:00Z,2025-06-30T18:35:49Z,OPM,Public Submission,False,09000064b8e445ea
OPM-2025-0007-0515,Comment from Anonymous,2025-06-30T04:00:00Z,2025-06-30T18:35:50Z,OPM,Public Submission,False,09000064b8e4460c
OPM-2025-0007-0519,Comment from Charlotte  Graveline,2025-06-30T04:00:00Z,2025-06-30T18:35:53Z,OPM,Public Submission,False,09000064b8e446fc
OPM-2025-0007-0501,Comment from Sarah Whitton,2025-06-30T04:00:00Z,2025-06-30T18:17:09Z,OPM,Public Submission,False,09000064b8e43225
OPM-2025-0007-0509,Comment from Anonymous,2025-06-30T04:00:00Z,2025-06-30T18:25:14Z,OPM,Public Submission,False,09000064b8e43b5c
OPM-2025-0007-0510,Comment from B K,2025-06-30T04:00:00Z,2025-06-30T18:25:15Z,OPM,Public Submission,False,09000064b8e43b65
OPM-2025-0007-0507,Comment from Richard Dotson,2025-06-30T04:00:00Z,2025-06-30T18:25:12Z,OPM,Public Submission,False,09000064b8e445bd
OPM-2025-0007-0621,Comment from Anonymous,2025-07-02T04:00:00Z,2025-07-02T20:17:27Z,OPM,Public Submission,False,09000064b8e4c338
OPM-2025-0007-0617,Comment from Anonymous,2025-07-02T04:00:00Z,2025-07-02T20:17:24Z,OPM,Public Submission,False,09000064b8e4ca33
OPM-2025-0007-0640,Comment from Colby Carkoski,2025-07-02T04:00:00Z,2025-07-02T20:17:41Z,OPM,Public Submission,False,09000064b8e4cbdd
OPM-2025-0007-0643,Comment from Anonymous,2025-07-02T04:00:00Z,2025-07-02T20:17:43Z,OPM,Public Submission,False,09000064b8e4cc3e
OPM-2025-0007-0646,Comment from Mary Sullivan,2025-07-02T04:00:00Z,2025-07-02T20:17:45Z,OPM,Public Submission,False,09000064b8e4cc44
OPM-2025-0007-0647,Comment from Annie PUTMAN,2025-07-02T04:00:00Z,2025-07-02T20:17:46Z,OPM,Public Submission,False,09000064b8e4cc73
OPM-2025-0007-0626,Comment from Anonymous,2025-07-02T04:00:00Z,2025-07-02T20:17:30Z,OPM,Public Submission,False,09000064b8e4ce03
OPM-2025-0007-0628,Comment from Anonymous,2025-07-02T04:00:00Z,2025-07-02T20:17:32Z,OPM,Public Submission,False,09000064b8e4ce1c
OPM-2025-0007-0630,Comment from Anonymous,2025-07-02T04:00:00Z,2025-07-02T20:17:33Z,OPM,Public Submission,False,09000064b8e4ce2f
OPM-2025-0007-0631,Comment from Anonymous Citizen,2025-07-02T04:00:00Z,2025-07-02T20:17:34Z,OPM,Public Submission,False,09000064b8e4ce30
OPM-2025-0007-0633,Comment from Anonymous,2025-07-02T04:00:00Z,2025-07-02T20:17:35Z,OPM,Public Submission,False,09000064b8e4ce3e
OPM-2025-0007-0634,Comment from Anonymous,2025-07-02T04:00:00Z,2025-07-02T20:17:36Z,OPM,Public Submission,False,09000064b8e4ce4b
OPM-2025-0007-0635,Comment from Anonymous,2025-07-02T04:00:00Z,2025-07-02T20:17:37Z,OPM,Public Submission,False,09000064b8e4ce4d
OPM-2025-0007-0637,Comment from Natalie Hintz,2025-07-02T04:00:00Z,2025-07-02T20:17:39Z,OPM,Public Submission,False,09000064b8e4ce69
OPM-2025-0007-0662,Comment from Anonymous,2025-07-02T04:00:00Z,2025-07-02T20:33:22Z,OPM,Public Submission,False,09000064b8e4c4f5
OPM-2025-0007-0665,Comment from Anonymous,2025-07-02T04:00:00Z,2025-07-02T20:33:25Z,OPM,Public Submission,False,09000064b8e4d522
OPM-2025-0007-0054,Comment from Jesus Ibarra,2025-06-10T04:00:00Z,2025-06-10T15:41:04Z,OPM,Public Submission,False,09000064b8dec720
OPM-2025-0007-0050,Comment from Louis Agre,2025-06-10T04:00:00Z,2025-06-10T15:25:53Z,OPM,Public Submission,False,09000064b8de5020
OPM-2025-0007-0112,Comment from Anonymous,2025-06-12T04:00:00Z,2025-06-12T21:48:31Z,OPM,Public Submission,False,09000064b8e01264
OPM-2025-0007-0113,Comment from Charles Harrington,2025-06-12T04:00:00Z,2025-06-12T21:49:32Z,OPM,Public Submission,False,09000064b8e01265
OPM-2025-0007-0114,Comment from Anonymous,2025-06-12T04:00:00Z,2025-06-12T21:51:02Z,OPM,Public Submission,False,09000064b8e01286
OPM-2025-0007-0115,Comment from Anonymous,2025-06-12T04:00:00Z,2025-06-12T21:51:32Z,OPM,Public Submission,False,09000064b8e0128b
OPM-2025-0007-0118,Comment from Anonymous,2025-06-12T04:00:00Z,2025-06-12T21:56:33Z,OPM,Public Submission,False,09000064b8e012a7
OPM-2025-0007-1328,Comment from Mac Walsh,2025-07-10T04:00:00Z,2025-07-10T20:23:28Z,OPM,Public Submission,False,09000064b8e55eee
OPM-2025-0007-1325,Comment from Anonymous,2025-07-10T04:00:00Z,2025-07-10T19:29:52Z,OPM,Public Submission,False,09000064b8e5584e
OPM-2025-0007-1326,Comment from Anonymous Anonymous,2025-07-10T04:00:00Z,2025-07-10T20:08:43Z,OPM,Public Submission,False,09000064b8e5d1b3
OPM-2025-0007-1398,Comment from Henry Bear,2025-07-21T04:00:00Z,2025-07-21T14:36:09Z,OPM,Public Submission,False,09000064b8e865d9
OPM-2025-0007-1393,"Comment from Democracy Forward, Protect Democracy, and a coalition of organizations.",2025-07-21T04:00:00Z,2025-07-21T14:30:47Z,OPM,Public Submission,False,09000064b8e85cf2
OPM-2025-0007-1399,Comment from Barry Sime,2025-07-21T04:00:00Z,2025-07-21T14:36:47Z,OPM,Public Submission,False,09000064b8e8665d
OPM-2025-0007-1408,Comment from Reginald Walden,2025-07-21T04:00:00Z,2025-07-21T14:43:57Z,OPM,Public Submission,False,09000064b8e8556c
OPM-2025-0007-1402,Comment from Anonymous,2025-07-21T04:00:00Z,2025-07-21T14:39:54Z,OPM,Public Submission,False,09000064b8e86342
OPM-2025-0007-1407,Comment from Anita Cheng,2025-07-21T04:00:00Z,2025-07-21T14:43:32Z,OPM,Public Submission,False,09000064b8e86ff4
OPM-2025-0007-1272,Comment from Anonymous,2025-07-07T04:00:00Z,2025-07-08T01:19:54Z,OPM,Public Submission,False,09000064b8e4e0c9
OPM-2025-0007-1274,Comment from Anonymous,2025-07-07T04:00:00Z,2025-07-08T01:21:40Z,OPM,Public Submission,False,09000064b8e50d18
OPM-2025-0007-1259,Comment from Renata Harrison,2025-07-07T04:00:00Z,2025-07-07T23:22:19Z,OPM,Public Submission,False,09000064b8e4df91
OPM-2025-0007-1260,Comment from Anonymous,2025-07-07T04:00:00Z,2025-07-07T23:23:19Z,OPM,Public Submission,False,09000064b8e4dfa0
OPM-2025-0007-1256,Comment from WILLIAM PARIS,2025-07-07T04:00:00Z,2025-07-07T23:18:39Z,OPM,Public Submission,False,09000064b8e508eb
OPM-2025-0007-1267,Comment from Anonymous Anonymous,2025-07-07T04:00:00Z,2025-07-08T01:10:20Z,OPM,Public Submission,False,09000064b8e4e045
OPM-2025-0007-1268,Comment from Anonymous,2025-07-07T04:00:00Z,2025-07-08T01:11:31Z,OPM,Public Submission,False,09000064b8e4e046
OPM-2025-0007-1255,Comment from Anonymous,2025-07-07T04:00:00Z,2025-07-07T23:14:08Z,OPM,Public Submission,False,09000064b8e50be5
OPM-2025-0007-1284,Comment from Anonymous,2025-07-07T04:00:00Z,2025-07-08T01:38:27Z,OPM,Public Submission,False,09000064b8e4e38c
OPM-2025-0007-1281,Comment from Anonymous,2025-07-07T04:00:00Z,2025-07-08T01:32:34Z,OPM,Public Submission,False,09000064b8e50d67
OPM-2025-0007-1283,Comment from Angry Citizen,2025-07-07T04:00:00Z,2025-07-08T01:35:43Z,OPM,Public Submission,False,09000064b8e5112c
OPM-2025-0007-1286,Comment from George  Wyrmahgir,2025-07-07T04:00:00Z,2025-07-08T01:43:52Z,OPM,Public Submission,False,09000064b8e4e3e0
OPM-2025-0007-1290,Comment from Anonymous,2025-07-07T04:00:00Z,2025-07-08T01:48:36Z,OPM,Public Submission,False,09000064b8e4e4b4
OPM-2025-0007-1291,Comment from Citizen Fornisque,2025-07-07T04:00:00Z,2025-07-08T01:49:28Z,OPM,Public Submission,False,09000064b8e4e4f4
OPM-2025-0007-1294,Comment from William Sullivan,2025-07-07T04:00:00Z,2025-07-08T01:55:32Z,OPM,Public Submission,False,09000064b8e548f9
OPM-2025-0007-1295,Comment from Anonymous,2025-07-07T04:00:00Z,2025-07-08T01:56:10Z,OPM,Public Submission,False,09000064b8e54dcd
OPM-2025-0007-1301,Comment from Sara Orozco,2025-07-08T04:00:00Z,2025-07-08T17:53:11Z,OPM,Public Submission,False,09000064b8e54e96
OPM-2025-0007-1304,Comment from R   R,2025-07-08T04:00:00Z,2025-07-08T17:53:12Z,OPM,Public Submission,False,09000064b8e58e1e
OPM-2025-0007-1306,Comment from Anonymous  Anonymous,2025-07-08T04:00:00Z,2025-07-08T21:28:38Z,OPM,Public Submission,False,09000064b8e4e075
OPM-2025-0007-1350,Comment from M B,2025-07-14T04:00:00Z,2025-07-14T18:55:13Z,OPM,Public Submission,False,09000064b8e6ede9
OPM-2025-0007-1363,Comment from Takako Moore,2025-07-17T04:00:00Z,2025-07-17T18:45:10Z,OPM,Public Submission,False,09000064b8e7e002
OPM-2025-0007-1382,Comment from Anonymous,2025-07-18T04:00:00Z,2025-07-18T18:41:29Z,OPM,Public Submission,False,09000064b8e8393c
OPM-2025-0007-1307,Comment from Anonymous,2025-07-08T04:00:00Z,2025-07-08T21:30:53Z,OPM,Public Submission,False,09000064b8e4df6c
OPM-2025-0007-1309,Comment from Anonymous,2025-07-08T04:00:00Z,2025-07-08T21:31:54Z,OPM,Public Submission,False,09000064b8e50d10
OPM-2025-0007-1356,Comment from Anonymous,2025-07-16T04:00:00Z,2025-07-16T14:46:15Z,OPM,Public Submission,False,09000064b8e7adc9
OPM-2025-0007-1383,Comment from Anonymous,2025-07-18T04:00:00Z,2025-07-18T20:40:50Z,OPM,Public Submission,False,09000064b8e839cd
OPM-2025-0007-1334,Comment from Samantha Watts,2025-07-14T04:00:00Z,2025-07-14T15:30:59Z,OPM,Public Submission,False,09000064b8e6cdb7
OPM-2025-0007-1339,Comment from Anonymous,2025-07-14T04:00:00Z,2025-07-14T15:34:18Z,OPM,Public Submission,False,09000064b8e6ce85
OPM-2025-0007-1343,Comment from Anonymous,2025-07-14T04:00:00Z,2025-07-14T15:37:20Z,OPM,Public Submission,False,09000064b8e6ceed
OPM-2025-0007-1337,Comment from Anonymous,2025-07-14T04:00:00Z,2025-07-14T15:32:59Z,OPM,Public Submission,False,09000064b8e6d9c4
OPM-2025-0007-1338,Comment from Cara McGary,2025-07-14T04:00:00Z,2025-07-14T15:33:41Z,OPM,Public Submission,False,09000064b8e6da05
OPM-2025-0007-1346,Comment from Anonymous,2025-07-14T04:00:00Z,2025-07-14T15:40:59Z,OPM,Public Submission,False,09000064b8e6dedc
OPM-2025-0007-1333,Comment from Anonymous,2025-07-14T04:00:00Z,2025-07-14T14:22:20Z,OPM,Public Submission,False,09000064b8e68db2
OPM-2025-0007-1349,Comment from Anonymous,2025-07-14T04:00:00Z,2025-07-14T16:08:51Z,OPM,Public Submission,False,09000064b8e6de6b
OPM-2025-0007-1357,Comment from Joy Welan,2025-07-17T04:00:00Z,2025-07-17T14:31:23Z,OPM,Public Submission,False,09000064b8e7d47e
OPM-2025-0007-1310,Comment from Anonymous,2025-07-09T04:00:00Z,2025-07-09T17:12:22Z,OPM,Public Submission,False,09000064b8e5cfae
OPM-2025-0007-1315,Comment from Anonymous,2025-07-10T04:00:00Z,2025-07-10T15:42:03Z,OPM,Public Submission,False,09000064b8e52808
OPM-2025-0007-1314,Comment from Brenda St Martin,2025-07-10T04:00:00Z,2025-07-10T15:32:00Z,OPM,Public Submission,False,09000064b8e55209
OPM-2025-0007-1319,Comment from Niskanen Center,2025-07-10T04:00:00Z,2025-07-10T16:34:44Z,OPM,Public Submission,False,09000064b8e527a3
OPM-2025-0007-1318,Comment from Jennifer Richmond-Bryant,2025-07-10T04:00:00Z,2025-07-10T16:07:57Z,OPM,Public Submission,False,09000064b8e5f732
OPM-2025-0007-1313,Comment from Adam Johnson,2025-07-10T04:00:00Z,2025-07-10T15:28:09Z,OPM,Public Submission,False,09000064b8e54913
OPM-2025-0007-1359,Comment from R E,2025-07-17T04:00:00Z,2025-07-17T15:10:48Z,OPM,Public Submission,False,09000064b8e7ddba
OPM-2025-0007-1375,Comment from Anonymous,2025-07-18T04:00:00Z,2025-07-18T15:02:49Z,OPM,Public Submission,False,09000064b8e82d10
OPM-2025-0007-1376,Comment from Anonymous,2025-07-18T04:00:00Z,2025-07-18T15:03:37Z,OPM,Public Submission,False,09000064b8e82d63
OPM-2025-0007-1380,Comment from Dr. Jeffrey  Tan,2025-07-18T04:00:00Z,2025-07-18T15:08:27Z,OPM,Public Submission,False,09000064b8e82de1
OPM-2025-0007-1369,Comment from Anonymous,2025-07-17T04:00:00Z,2025-07-18T03:52:33Z,OPM,Public Submission,False,09000064b8e82332
OPM-2025-0007-1370,Comment from D M,2025-07-17T04:00:00Z,2025-07-18T03:52:33Z,OPM,Public Submission,False,09000064b8e82379
OPM-2025-0007-1372,Comment from H J,2025-07-17T04:00:00Z,2025-07-18T03:52:34Z,OPM,Public Submission,False,09000064b8e824ae
OPM-2025-0007-1374,Comment from Christopher Lish,2025-07-18T04:00:00Z,2025-07-18T15:02:04Z,OPM,Public Submission,False,09000064b8e8293a
OPM-2025-0007-0326,Comment from Stephanie Chan,2025-06-17T04:00:00Z,2025-06-17T17:24:14Z,OPM,Public Submission,False,09000064b8e14fb5
OPM-2025-0007-0331,Comment from Anonymous,2025-06-17T04:00:00Z,2025-06-17T17:24:15Z,OPM,Public Submission,False,09000064b8e153c3
OPM-2025-0007-0324,Comment from D D,2025-06-17T04:00:00Z,2025-06-17T17:24:13Z,OPM,Public Submission,False,09000064b8e15892
OPM-2025-0007-0429,Comment from Angie Nink,2025-06-25T04:00:00Z,2025-06-25T17:25:53Z,OPM,Public Submission,False,09000064b8e2e80f
OPM-2025-0007-0434,Comment from Bruce Cline,2025-06-25T04:00:00Z,2025-06-25T20:02:06Z,OPM,Public Submission,False,09000064b8e30613
OPM-2025-0007-0433,Comment from Paula Strawser,2025-06-25T04:00:00Z,2025-06-25T20:02:05Z,OPM,Public Submission,False,09000064b8e305fc
OPM-2025-0007-0452,Comment from Anonymous,2025-06-26T04:00:00Z,2025-06-26T21:59:00Z,OPM,Public Submission,False,09000064b8e34aeb
OPM-2025-0007-0150,Comment from Anonymous,2025-06-12T04:00:00Z,2025-06-12T23:39:09Z,OPM,Public Submission,False,09000064b8e01595
OPM-2025-0007-0147,Comment from Anonymous,2025-06-12T04:00:00Z,2025-06-12T23:33:12Z,OPM,Public Submission,False,09000064b8e01f9e
OPM-2025-0007-0169,Comment from Anonymous,2025-06-12T04:00:00Z,2025-06-13T00:16:27Z,OPM,Public Submission,False,09000064b8e0183c
OPM-2025-0007-0173,Comment from Anonymous,2025-06-12T04:00:00Z,2025-06-13T00:20:47Z,OPM,Public Submission,False,09000064b8e023a0
OPM-2025-0007-0179,Comment from Paul  Schultz-Stachnik,2025-06-12T04:00:00Z,2025-06-13T00:29:01Z,OPM,Public Submission,False,09000064b8e023ee
OPM-2025-0007-0176,Comment from Anonymous,2025-06-12T04:00:00Z,2025-06-13T00:23:43Z,OPM,Public Submission,False,09000064b8e02525
OPM-2025-0007-0177,Comment from Anonymous,2025-06-12T04:00:00Z,2025-06-13T00:24:11Z,OPM,Public Submission,False,09000064b8e02552
OPM-2025-0007-0178,Comment from Anonymous,2025-06-12T04:00:00Z,2025-06-13T00:24:32Z,OPM,Public Submission,False,09000064b8e025ac
OPM-2025-0007-0183,Comment from Anonymous,2025-06-12T04:00:00Z,2025-06-13T01:00:16Z,OPM,Public Submission,False,09000064b8e00b61
OPM-2025-0007-0157,Comment from Anonymous,2025-06-12T04:00:00Z,2025-06-13T00:02:45Z,OPM,Public Submission,False,09000064b8dfd292
OPM-2025-0007-0162,Comment from Anonymous,2025-06-12T04:00:00Z,2025-06-13T00:07:32Z,OPM,Public Submission,False,09000064b8e00eea
OPM-2025-0007-0158,Comment from Save DemocracyNow,2025-06-12T04:00:00Z,2025-06-13T00:04:09Z,OPM,Public Submission,False,09000064b8e00d3a
OPM-2025-0007-0153,Comment from Paul Johnson,2025-06-12T04:00:00Z,2025-06-12T23:48:23Z,OPM,Public Submission,False,09000064b8e016f3
OPM-2025-0007-0225,Comment from Katherine Davis,2025-06-13T04:00:00Z,2025-06-13T16:48:03Z,OPM,Public Submission,False,09000064b8dfdbef
OPM-2025-0007-0212,Comment from Dawne Miller,2025-06-13T04:00:00Z,2025-06-13T16:47:58Z,OPM,Public Submission,False,09000064b8e029f3
OPM-2025-0007-0221,Comment from Linda Hussain,2025-06-13T04:00:00Z,2025-06-13T16:48:02Z,OPM,Public Submission,False,09000064b8e02ce2
OPM-2025-0007-0239,Comment from Karen Meriwether,2025-06-13T04:00:00Z,2025-06-13T16:48:09Z,OPM,Public Submission,False,09000064b8e03a70
OPM-2025-0007-0224,Comment from Anonymous,2025-06-13T04:00:00Z,2025-06-13T16:48:03Z,OPM,Public Submission,False,09000064b8dfdbdb
OPM-2025-0007-0213,Comment from Roxanne Ray,2025-06-13T04:00:00Z,2025-06-13T16:47:59Z,OPM,Public Submission,False,09000064b8e029f9
OPM-2025-0007-0220,Comment from Kathi Davis,2025-06-13T04:00:00Z,2025-06-13T16:48:01Z,OPM,Public Submission,False,09000064b8e02bec
OPM-2025-0007-0237,Comment from Linda F,2025-06-13T04:00:00Z,2025-06-13T16:48:08Z,OPM,Public Submission,False,09000064b8e03a0f
OPM-2025-0007-0240,Comment from Shirley Hansen,2025-06-13T04:00:00Z,2025-06-13T16:48:09Z,OPM,Public Submission,False,09000064b8e03a73
OPM-2025-0007-0241,Comment from J T,2025-06-13T04:00:00Z,2025-06-13T16:48:09Z,OPM,Public Submission,False,09000064b8e03b52
OPM-2025-0007-0242,Comment from Anonymous,2025-06-13T04:00:00Z,2025-06-13T16:48:10Z,OPM,Public Submission,False,09000064b8e03b64
OPM-2025-0007-0247,Comment from Anonymous,2025-06-13T04:00:00Z,2025-06-13T16:48:11Z,OPM,Public Submission,False,09000064b8e03c3c
OPM-2025-0007-0231,Comment from Anonymous,2025-06-13T04:00:00Z,2025-06-13T16:48:06Z,OPM,Public Submission,False,09000064b8e03e97
OPM-2025-0007-0249,Comment from Anonymous,2025-06-13T04:00:00Z,2025-06-13T16:48:12Z,OPM,Public Submission,False,09000064b8e0406b
OPM-2025-0007-0244,Comment from Anati Zubia,2025-06-13T04:00:00Z,2025-06-13T16:48:10Z,OPM,Public Submission,False,09000064b8e049c2
OPM-2025-0007-0417,Comment from Warren Enström,2025-06-25T04:00:00Z,2025-06-25T15:23:39Z,OPM,Public Submission,False,09000064b8e2cf61
OPM-2025-0007-0422,Comment from Kristina Younger,2025-06-25T04:00:00Z,2025-06-25T17:12:59Z,OPM,Public Submission,False,09000064b8e2e7f4
OPM-2025-0007-0124,Comment from C Rambo,2025-06-12T04:00:00Z,2025-06-12T22:58:58Z,OPM,Public Submission,False,09000064b8e0140a
OPM-2025-0007-0125,Comment from Heather Strand,2025-06-12T04:00:00Z,2025-06-12T22:59:27Z,OPM,Public Submission,False,09000064b8e01433
OPM-2025-0007-0131,Comment from Anonymous,2025-06-12T04:00:00Z,2025-06-12T23:21:13Z,OPM,Public Submission,False,09000064b8e01a01
OPM-2025-0007-0138,Comment from Anonymous,2025-06-12T04:00:00Z,2025-06-12T23:25:46Z,OPM,Public Submission,False,09000064b8e01cfd
OPM-2025-0007-0137,Comment from Anonymous,2025-06-12T04:00:00Z,2025-06-12T23:25:28Z,OPM,Public Submission,False,09000064b8e01cae
OPM-2025-0007-0133,Comment from Anonymous,2025-06-12T04:00:00Z,2025-06-12T23:22:18Z,OPM,Public Submission,False,09000064b8e01b6e
OPM-2025-0007-0135,Comment from Chris Buchheit,2025-06-12T04:00:00Z,2025-06-12T23:23:10Z,OPM,Public Submission,False,09000064b8e01be6
OPM-2025-0007-0141,Comment from Anonymous  Anonymous,2025-06-12T04:00:00Z,2025-06-12T23:28:00Z,OPM,Public Submission,False,09000064b8e01d7e
OPM-2025-0007-0142,Comment from Jacob Lilevjen,2025-06-12T04:00:00Z,2025-06-12T23:28:44Z,OPM,Public Submission,False,09000064b8e01da9
OPM-2025-0007-0130,Comment from A very concerned citizen. Anonymous,2025-06-12T04:00:00Z,2025-06-12T23:20:25Z,OPM,Public Submission,False,09000064b8e019da
OPM-2025-0007-0140,Comment from Anonymous,2025-06-12T04:00:00Z,2025-06-12T23:27:34Z,OPM,Public Submission,False,09000064b8e01d7d
OPM-2025-0007-0297,Comment from A W,2025-06-16T04:00:00Z,2025-06-16T15:33:10Z,OPM,Public Submission,False,09000064b8e11709
OPM-2025-0007-0302,Comment from Jeanne Bulla,2025-06-16T04:00:00Z,2025-06-16T15:43:14Z,OPM,Public Submission,False,09000064b8e11d35
OPM-2025-0007-0283,Comment from Anonymous,2025-06-16T04:00:00Z,2025-06-16T14:47:12Z,OPM,Public Submission,False,09000064b8e0f542
OPM-2025-0007-0285,Comment from Janet Lunde,2025-06-16T04:00:00Z,2025-06-16T14:51:35Z,OPM,Public Submission,False,09000064b8e0f5b2
OPM-2025-0007-0286,Comment from H J,2025-06-16T04:00:00Z,2025-06-16T14:56:55Z,OPM,Public Submission,False,09000064b8e0f5ca
OPM-2025-0007-0294,Comment from Austin Beller,2025-06-16T04:00:00Z,2025-06-16T15:17:33Z,OPM,Public Submission,False,09000064b8e100bd
OPM-2025-0007-0293,Comment from Anonymous,2025-06-16T04:00:00Z,2025-06-16T15:14:21Z,OPM,Public Submission,False,09000064b8e106b9
OPM-2025-0007-0304,Comment from C Parker,2025-06-16T04:00:00Z,2025-06-16T15:48:11Z,OPM,Public Submission,False,09000064b8e1122d
OPM-2025-0007-0277,Comment from Paula Mossaides,2025-06-16T04:00:00Z,2025-06-16T14:26:25Z,OPM,Public Submission,False,09000064b8e0dd42
OPM-2025-0007-0278,Comment from Anonymous,2025-06-16T04:00:00Z,2025-06-16T14:29:10Z,OPM,Public Submission,False,09000064b8e0f1a5
OPM-2025-0007-0312,Comment from David Matthews,2025-06-16T04:00:00Z,2025-06-16T21:01:22Z,OPM,Public Submission,False,09000064b8e13a02
OPM-2025-0007-0332,Comment from T H,2025-06-18T04:00:00Z,2025-06-18T14:42:35Z,OPM,Public Submission,False,09000064b8e16f90
OPM-2025-0007-0333,Comment from Kay Rosburg,2025-06-18T04:00:00Z,2025-06-18T14:50:19Z,OPM,Public Submission,False,09000064b8e1703e
OPM-2025-0007-0340,Comment from Stefan Deutsch,2025-06-18T04:00:00Z,2025-06-19T02:02:01Z,OPM,Public Submission,False,09000064b8e176ca
OPM-2025-0007-0344,Comment from Melissa Gouge,2025-06-20T04:00:00Z,2025-06-20T16:07:33Z,OPM,Public Submission,False,09000064b8e1a8fb
OPM-2025-0007-0350,Comment from Anonymous,2025-06-20T04:00:00Z,2025-06-20T16:10:37Z,OPM,Public Submission,False,09000064b8e1c24f
OPM-2025-0007-0353,Comment from Allison Richardson,2025-06-20T04:00:00Z,2025-06-20T16:12:05Z,OPM,Public Submission,False,09000064b8e1c3bd
OPM-2025-0007-0354,Comment from Elise Lee,2025-06-20T04:00:00Z,2025-06-20T16:12:25Z,OPM,Public Submission,False,09000064b8e1d131
OPM-2025-0007-0341,Comment from Anonymous,2025-06-20T04:00:00Z,2025-06-20T15:13:23Z,OPM,Public Submission,False,09000064b8e190b2
OPM-2025-0007-0415,Comment from National Treasury Employees Union,2025-06-24T04:00:00Z,2025-06-24T22:33:39Z,OPM,Public Submission,False,09000064b8e2ad33
OPM-2025-0007-0257,Comment from Margaret Schulenberg,2025-06-13T04:00:00Z,2025-06-13T18:53:59Z,OPM,Public Submission,False,09000064b8e04004
OPM-2025-0007-0258,Comment from Anonymous,2025-06-13T04:00:00Z,2025-06-13T18:54:39Z,OPM,Public Submission,False,09000064b8e0408d
OPM-2025-0007-0266,Comment from Michele Jancewski,2025-06-13T04:00:00Z,2025-06-14T00:25:00Z,OPM,Public Submission,False,09000064b8e0b899
OPM-2025-0007-0263,Comment from Anonymous,2025-06-13T04:00:00Z,2025-06-14T00:23:49Z,OPM,Public Submission,False,09000064b8e05524
OPM-2025-0007-0364,Comment from Anonymous,2025-06-23T04:00:00Z,2025-06-23T16:05:46Z,OPM,Public Submission,False,09000064b8e20fca
OPM-2025-0007-0356,Comment from Grant Jensen,2025-06-23T04:00:00Z,2025-06-23T16:05:42Z,OPM,Public Submission,False,09000064b8e1f8f1
OPM-2025-0007-0363,Comment from M D,2025-06-23T04:00:00Z,2025-06-23T16:05:45Z,OPM,Public Submission,False,09000064b8e20fc2
OPM-2025-0007-0378,Comment from T R,2025-06-23T04:00:00Z,2025-06-23T16:51:12Z,OPM,Public Submission,False,09000064b8e1fc96
OPM-2025-0007-0376,Comment from Anonymous,2025-06-23T04:00:00Z,2025-06-23T16:51:11Z,OPM,Public Submission,False,09000064b8e2397f
OPM-2025-0007-0379,Comment from Anonymous,2025-06-23T04:00:00Z,2025-06-23T16:51:12Z,OPM,Public Submission,False,09000064b8e24762
OPM-2025-0007-0383,Comment from Ryan Rintala,2025-06-23T04:00:00Z,2025-06-23T17:32:31Z,OPM,Public Submission,False,09000064b8e23acc
OPM-2025-0007-0386,Comment from Anonymous,2025-06-23T04:00:00Z,2025-06-23T17:32:32Z,OPM,Public Submission,False,09000064b8e247d7
OPM-2025-0007-0389,Comment from Kaitlyn  Awbrey,2025-06-23T04:00:00Z,2025-06-23T17:32:34Z,OPM,Public Submission,False,09000064b8e2481f
OPM-2025-0007-0391,Comment from J C,2025-06-23T04:00:00Z,2025-06-23T17:32:35Z,OPM,Public Submission,False,09000064b8e24835
OPM-2025-0007-0385,Comment from John Driscoll,2025-06-23T04:00:00Z,2025-06-23T17:32:32Z,OPM,Public Submission,False,09000064b8e24912
OPM-2025-0007-0388,Comment from Anonymous,2025-06-23T04:00:00Z,2025-06-23T17:32:33Z,OPM,Public Submission,False,09000064b8e2493b
OPM-2025-0007-0260,Comment from Tim McClung,2025-06-13T04:00:00Z,2025-06-13T23:40:37Z,OPM,Public Submission,False,09000064b8e0bd1c
OPM-2025-0007-0274,Comment from Anonymous,2025-06-13T04:00:00Z,2025-06-14T00:52:59Z,OPM,Public Submission,False,09000064b8e0bf21
OPM-2025-0007-0275,Comment from FORMER FEDLEO,2025-06-13T04:00:00Z,2025-06-14T00:52:59Z,OPM,Public Submission,False,09000064b8e0bf58
OPM-2025-0007-0410,Comment from Kat Anderson,2025-06-24T04:00:00Z,2025-06-24T14:52:16Z,OPM,Public Submission,False,09000064b8e26e29
OPM-2025-0007-0405,Comment from Corina S,2025-06-24T04:00:00Z,2025-06-24T14:40:15Z,OPM,Public Submission,False,09000064b8e26d57
OPM-2025-0007-0413,Comment from A G,2025-06-24T04:00:00Z,2025-06-24T20:38:08Z,OPM,Public Submission,False,09000064b8e2645b
OPM-2025-0007-0414,Comment from Gifford  Hall,2025-06-24T04:00:00Z,2025-06-24T20:38:35Z,OPM,Public Submission,False,09000064b8e2687b
OPM-2025-0007-0457,Comment from Marisa Seitz,2025-06-26T04:00:00Z,2025-06-27T02:14:20Z,OPM,Public Submission,False,09000064b8e35de6
OPM-2025-0007-0456,Comment from Riley Edwards,2025-06-26T04:00:00Z,2025-06-27T02:14:19Z,OPM,Public Submission,False,09000064b8e35058
OPM-2025-0007-0461,Comment from Anonymous,2025-06-26T04:00:00Z,2025-06-27T05:52:59Z,OPM,Public Submission,False,09000064b8e36aa6
OPM-2025-0007-0458,Comment from Tracey Bee,2025-06-26T04:00:00Z,2025-06-27T05:43:25Z,OPM,Public Submission,False,09000064b8e35dfe
OPM-2025-0007-0454,Comment from Anonymous,2025-06-26T04:00:00Z,2025-06-27T02:14:18Z,OPM,Public Submission,False,09000064b8e35ba0
OPM-2025-0007-0491,Comment from Anonymous,2025-06-30T04:00:00Z,2025-06-30T17:28:57Z,OPM,Public Submission,False,09000064b8e3cc48
OPM-2025-0007-0490,Comment from Anonymous,2025-06-30T04:00:00Z,2025-06-30T17:27:19Z,OPM,Public Submission,False,09000064b8e3c975
OPM-2025-0007-0537,Comment from Anonymous,2025-06-30T04:00:00Z,2025-06-30T19:17:45Z,OPM,Public Submission,False,09000064b8e47311
OPM-2025-0007-0538,Comment from Anonymous,2025-06-30T04:00:00Z,2025-06-30T19:17:45Z,OPM,Public Submission,False,09000064b8e4737f
OPM-2025-0007-0523,Comment from Anonymous,2025-06-30T04:00:00Z,2025-06-30T18:46:06Z,OPM,Public Submission,False,09000064b8e443bd
OPM-2025-0007-0520,Comment from Victoria Bloomgren,2025-06-30T04:00:00Z,2025-06-30T18:46:04Z,OPM,Public Submission,False,09000064b8e44989
OPM-2025-0007-0522,Comment from Laura Branby,2025-06-30T04:00:00Z,2025-06-30T18:46:05Z,OPM,Public Submission,False,09000064b8e44a08
OPM-2025-0007-0525,Comment from Mary Claire Collins,2025-06-30T04:00:00Z,2025-06-30T18:46:08Z,OPM,Public Submission,False,09000064b8e44b25
OPM-2025-0007-0531,Comment from W R,2025-06-30T04:00:00Z,2025-06-30T18:58:27Z,OPM,Public Submission,False,09000064b8e4548d
OPM-2025-0007-0551,Comment from Tom Muller,2025-06-30T04:00:00Z,2025-06-30T22:19:30Z,OPM,Public Submission,False,09000064b8e49cbf
OPM-2025-0007-0555,Comment from Anonymous,2025-06-30T04:00:00Z,2025-06-30T22:19:33Z,OPM,Public Submission,False,09000064b8e49d76
OPM-2025-0007-0669,Comment from Anonymous,2025-07-02T04:00:00Z,2025-07-02T22:30:36Z,OPM,Public Submission,False,09000064b8e4ce34
OPM-2025-0007-0670,Comment from Anonymous,2025-07-02T04:00:00Z,2025-07-02T22:34:05Z,OPM,Public Submission,False,09000064b8e4ce83
OPM-2025-0007-0668,Comment from Jon Rose,2025-07-02T04:00:00Z,2025-07-02T22:21:42Z,OPM,Public Submission,False,09000064b8e4c26c
OPM-2025-0007-0540,Comment from Anonymous,2025-06-30T04:00:00Z,2025-06-30T20:00:53Z,OPM,Public Submission,False,09000064b8e473e0
OPM-2025-0007-0542,Comment from Anonymous,2025-06-30T04:00:00Z,2025-06-30T20:00:55Z,OPM,Public Submission,False,09000064b8e47461
OPM-2025-0007-0541,Comment from Anonymous,2025-06-30T04:00:00Z,2025-06-30T20:00:54Z,OPM,Public Submission,False,09000064b8e47434
OPM-2025-0007-0557,Comment from Louise Ramirez,2025-06-30T04:00:00Z,2025-07-01T02:45:01Z,OPM,Public Submission,False,09000064b8e48ff0
OPM-2025-0007-0559,Comment from Laurie Konsella,2025-06-30T04:00:00Z,2025-07-01T02:45:02Z,OPM,Public Submission,False,09000064b8e4a04e
OPM-2025-0007-0558,Comment from Linnea Hardlund,2025-06-30T04:00:00Z,2025-07-01T02:45:02Z,OPM,Public Submission,False,09000064b8e4a13f
OPM-2025-0007-0121,Comment from anonymous anonymous,2025-06-12T04:00:00Z,2025-06-12T22:11:18Z,OPM,Public Submission,False,09000064b8e012fd
OPM-2025-0007-0090,Comment from Anonymous,2025-06-12T04:00:00Z,2025-06-12T21:14:06Z,OPM,Public Submission,False,09000064b8e00fa3
OPM-2025-0007-0086,Comment from Anonymous,2025-06-12T04:00:00Z,2025-06-12T21:09:10Z,OPM,Public Submission,False,09000064b8e00ea5
OPM-2025-0007-0087,Comment from Anonymous,2025-06-12T04:00:00Z,2025-06-12T21:10:50Z,OPM,Public Submission,False,09000064b8e00eec
OPM-2025-0007-0088,Comment from Anonymous,2025-06-12T04:00:00Z,2025-06-12T21:12:04Z,OPM,Public Submission,False,09000064b8e00f2d
OPM-2025-0007-0073,Comment from Anonymous,2025-06-12T04:00:00Z,2025-06-12T20:31:44Z,OPM,Public Submission,False,09000064b8dfd1f6
OPM-2025-0007-0076,Comment from Anonymous,2025-06-12T04:00:00Z,2025-06-12T20:44:19Z,OPM,Public Submission,False,09000064b8dffc73
OPM-2025-0007-0075,Comment from Randolph  Williams,2025-06-12T04:00:00Z,2025-06-12T20:36:09Z,OPM,Public Submission,False,09000064b8dff981
OPM-2025-0007-1409,Comment from Candice Jackson,2026-06-12T04:00:00Z,2026-06-12T23:05:39Z,OPM,Public Submission,False,09000064b932a204
